Frame,Time_s,Theta_deg,Omega_deg_s,Alpha_rad_s2,CoM_X_cm,CoM_Z_cm,CoM_Radius_cm,I_zz_kgm2,Rotational_KE_J
0,0.0000,5.1118,61.9653,-13.2561,19.1803,-3.2840,19.4594,6.4684,3.7829
1,0.0333,1.7118,61.9653,3.1444,19.2345,-2.2745,19.3685,5.0869,2.9749
2,0.0667,0.4277,73.6895,13.2303,18.4230,-0.9348,18.4467,5.1086,4.2251
3,0.1000,1.2594,154.4035,17.0016,16.6678,-0.3490,16.6714,5.5002,19.9719
4,0.1333,4.5947,195.2850,14.4584,14.0996,3.0934,14.4349,7.9595,46.2328
5,0.1667,7.1839,242.2017,-5.1265,11.7985,7.9549,14.2297,6.7272,60.1056
6,0.2000,16.5273,229.7867,-25.2644,10.6955,7.5876,13.1135,3.6386,29.2622
7,0.2333,41.7907,61.9653,-46.5362,9.7771,4.2710,10.6692,3.2263,1.8868
8,0.2667,23.0490,61.9653,-40.5739,7.7206,11.5852,13.9221,2.6296,1.5378
9,0.3000,28.0804,61.9653,13.3480,1.1375,1.8826,2.1996,3.1805,1.8600
10,0.3333,-1.7244,61.9653,94.0740,-4.5226,-0.1719,4.5259,5.1807,3.0298
11,0.3667,-23.4917,152.1091,153.9307,-8.7526,-14.5904,17.0144,2.7742,9.7761
12,0.4000,-10.8211,719.2761,155.7003,-11.4169,-2.7682,11.7478,5.8055,457.4650
13,0.4333,46.3017,1141.9485,93.0032,-15.8431,2.7588,16.0815,5.2423,1041.2227
14,0.4667,80.6138,1334.5592,-9.9630,-19.8194,12.6158,23.4940,4.6986,1274.5746
15,0.5000,147.7872,1084.0511,-112.8756,-22.4273,6.6588,23.3950,6.6826,1196.1018
16,0.5333,166.1595,586.4445,-134.8170,-24.6567,4.2285,25.0166,7.1274,373.3431
17,0.5667,175.0526,254.6372,-54.1234,-25.3966,-1.2848,25.4291,8.0799,79.7950
18,0.6000,176.5964,190.4382,65.6217,-25.7220,-10.2434,27.6866,9.4315,52.0972
19,0.6333,169.3124,551.0136,147.1871,-25.8246,-20.1040,32.7273,8.1073,374.9079
20,0.6667,194.0313,1157.0119,124.2573,-25.3857,-35.1445,43.3540,17.7005,3608.9999
21,0.7000,243.2674,1450.9449,22.5197,-23.1557,-48.5990,53.8335,19.4855,6247.9593
22,0.7333,308.7456,1299.6372,-94.9337,-20.4386,-44.1639,48.6641,13.6956,3523.3071
23,0.7667,379.1577,778.7740,-175.6069,-19.1694,-27.2395,33.3085,6.6801,617.0665
24,0.8000,384.7107,183.6175,-175.0570,-17.0539,-13.7934,21.9338,3.3056,16.9748
25,0.8333,350.3161,61.9653,-80.8783,-14.8426,-8.7347,17.2220,3.3961,1.9861
26,0.8667,322.5450,61.9653,37.4383,-13.5704,-2.4698,13.7933,3.1368,1.8344
27,0.9000,329.0560,61.9653,124.3387,-13.4974,9.8638,16.7174,4.5480,2.6598
28,0.9333,355.4232,541.8168,153.4962,-11.9596,21.9787,25.0218,5.8618,262.0969
29,0.9667,386.1810,867.0195,144.1202,-8.7013,14.0576,16.5327,7.2104,825.5460
30,1.0000,408.9663,1044.9549,119.0979,-5.7190,0.8038,5.7752,1.9960,331.9592
31,1.0333,442.8252,1216.5567,85.4408,-4.7154,-4.4529,6.4856,1.0378,233.9471
32,1.0667,483.5949,1343.9504,51.9451,-5.4679,4.6452,7.1746,0.9917,272.8255
33,1.1000,531.0766,1420.2476,43.0975,-5.2135,0.2027,5.2174,1.7876,549.1819
34,1.1333,597.2425,1511.0804,40.2362,-4.2930,-4.3426,6.1064,1.6795,584.0918
35,1.1667,642.4324,1561.1749,35.6793,-2.0784,-3.7871,4.3200,1.4498,538.2071
36,1.2000,677.2997,1579.3324,14.3961,-0.5028,3.4759,3.5121,1.5277,580.3735
37,1.2333,732.8940,1636.2225,-49.8283,2.0232,5.6158,5.9691,2.3385,953.5456
38,1.2667,800.1574,1586.1736,-129.1205,2.7888,4.3389,5.1579,2.7561,1056.1417
39,1.3000,842.6322,1318.8383,-184.1774,5.2440,-0.1969,5.2477,1.2489,330.8549
40,1.3333,895.7661,782.4562,-208.0849,8.8973,-5.5285,10.4751,1.9285,179.8277
41,1.3667,922.2464,162.1139,-161.7021,14.0759,-5.7554,15.2070,3.8974,15.6004
42,1.4000,895.7429,61.9653,-44.2632,16.3988,-3.1533,16.6993,6.0707,3.5502
43,1.4333,886.9902,61.9653,84.0818,17.0731,4.7600,17.7242,5.0023,2.9255
44,1.4667,868.9835,341.5668,172.7212,16.4548,-2.1907,16.6000,5.8382,103.7422
45,1.5000,894.5860,976.3068,184.8130,15.2990,-21.4930,26.3820,12.0141,1744.1662
46,1.5333,947.3262,1297.3644,140.5487,13.7258,-45.5611,47.5837,20.9986,5383.1852
47,1.5667,1016.2800,1389.6545,59.1034,13.4015,-55.2289,56.8316,21.3181,6270.2733
48,1.6000,1067.8719,1388.8260,-59.4161,13.0033,-57.1664,58.6267,29.7260,8732.8655
49,1.6333,1081.0425,1197.0770,-139.6687,10.5805,-44.1907,45.4397,23.7521,5184.0756
50,1.6667,1098.3472,937.4086,-167.5633,7.1386,-34.7637,35.4890,17.4350,2333.4826
51,1.7000,1155.0847,471.9420,-166.9797,3.5980,-36.4805,36.6575,17.3223,587.6340
52,1.7333,1180.6783,61.9653,-142.1578,4.2266,-38.1518,38.3852,16.0029,9.3588
53,1.7667,1169.9339,61.9653,-71.0118,1.4231,-19.7148,19.7661,8.3520,4.8844
54,1.8000,1134.8266,61.9653,40.9670,-4.1875,-4.5383,6.1750,4.4754,2.6173
55,1.8333,1056.5501,61.9653,134.5053,-8.6905,-9.1727,12.6358,4.1437,2.4233
56,1.8667,1067.1087,331.8630,153.1019,-6.2681,-25.2198,25.9870,11.8486,198.7509
57,1.9000,1136.2939,935.0749,113.7367,-6.3014,-22.0906,22.9718,8.3770,1115.5891
58,1.9333,1177.4491,1229.7769,37.0297,-10.3084,-19.1383,21.7380,1.3141,302.6971
59,1.9667,1214.7128,1092.9393,-55.5715,-14.1594,-4.1357,14.7510,3.5330,642.7843
60,2.0000,1242.4654,660.7041,-130.7348,-14.6987,13.0014,19.6237,8.3132,552.7221
61,2.0333,1237.9820,340.2079,-132.8547,-13.4371,25.5549,28.8723,9.5589,168.5084
62,2.0667,1254.2099,172.0970,-65.0900,-11.7768,18.7473,22.1394,5.6075,25.2953
63,2.1000,1274.7605,144.1077,25.2422,-11.2383,12.7438,16.9913,11.1183,35.1671
64,2.1333,1268.9980,320.1423,95.2012,-10.7760,8.4105,13.6697,7.3415,114.6022
65,2.1667,1270.6174,555.8005,119.5219,-9.9637,3.0589,10.4227,4.1336,194.4859
66,2.2000,1294.3018,789.5624,95.2060,-9.3799,-4.5378,10.4199,3.4117,323.9467
67,2.2333,1333.2843,1006.3467,31.6765,-8.6584,-20.6409,22.3834,4.6637,719.3614
68,2.2667,1375.1687,1031.2626,-42.3015,-7.4408,-36.8012,37.5459,13.7209,2222.5223
69,2.3000,1413.1228,811.3840,-99.0782,-5.7362,-41.8978,42.2886,17.4987,1754.6259
70,2.3333,1432.8083,497.0671,-119.3613,-4.7193,-37.2027,37.5009,21.7603,818.8781
71,2.3667,1435.2688,246.7045,-86.7766,-4.7210,-32.9729,33.3091,13.7280,127.2584
72,2.4000,1439.7123,132.0606,-11.3553,-5.2426,-31.0651,31.5043,11.6988,31.0752
73,2.4333,1442.6018,170.1523,64.4276,-4.7102,-33.8205,34.1469,12.6179,55.6400
74,2.4667,1453.2488,391.7297,81.9871,-3.4230,-24.5282,24.7659,14.7222,344.0880
75,2.5000,1468.4335,666.0884,40.8041,-2.0778,-6.5239,6.8468,3.9662,268.0168
76,2.5333,1489.2962,812.5504,-14.7326,-1.3004,6.9548,7.0753,4.6131,463.8947
77,2.5667,1516.4735,648.9747,-66.9294,-0.3157,8.8742,8.8798,3.3169,212.7723
78,2.6000,1556.7477,163.4536,-104.7970,0.4343,12.3043,12.3119,6.3231,25.7303
79,2.6333,1559.5412,61.9653,-87.6873,0.7430,21.5353,21.5481,6.5403,3.8249
80,2.6667,1536.6174,61.9653,-2.2823,0.2703,9.4751,9.4790,6.3603,3.7196
81,2.7000,1481.0074,61.9653,93.9039,-0.0419,-21.6175,21.6176,8.8814,5.1940
82,2.7333,1465.3750,158.8931,131.6516,-0.1041,-40.0916,40.0918,15.0784,57.9817
83,2.7667,1497.8977,697.4423,110.4125,0.2166,-19.6506,19.6518,2.2172,164.2625
84,2.8000,1559.7907,1006.4217,67.0120,0.2508,4.3330,4.3402,4.3632,673.1220
85,2.8333,1601.4450,1012.0648,19.0675,-0.6735,11.0560,11.0765,2.8203,439.9792
86,2.8667,1618.6229,812.0823,-11.4226,-1.6288,4.0401,4.3561,3.4999,351.5444
87,2.9000,1621.1530,662.6279,-5.7161,-1.3857,-1.6823,2.1795,4.4145,295.2172
88,2.9333,1639.9909,682.6532,12.9856,-0.4828,-13.3815,13.3902,4.3668,309.9459
89,2.9667,1681.3477,923.3001,-1.6621,-0.0739,-17.1458,17.1460,5.6556,734.3311
90,3.0000,1717.7021,1080.0913,-39.7684,0.3741,-22.3345,22.3376,3.5620,632.9098
91,3.0333,1749.3732,851.8472,-90.9813,1.3183,-28.2012,28.2320,8.5549,945.5006
92,3.0667,1770.8197,420.1449,-133.8828,2.5370,-37.7494,37.8345,11.9935,322.4559
93,3.1000,1806.6739,61.9653,-128.7470,4.6186,-41.2077,41.4658,20.1812,11.8024
94,3.1333,1772.6109,61.9653,-53.7030,7.0216,-42.9056,43.4764,18.9418,11.0776
95,3.1667,1756.0805,61.9653,34.4241,8.8819,-42.8160,43.7275,22.1708,12.9659
96,3.2000,1752.1059,82.9896,76.5587,9.1860,-44.8300,45.7615,26.3710,27.6630
97,3.2333,1760.4727,432.4507,59.9541,7.5963,-52.2349,52.7844,32.9711,939.1438
98,3.2667,1789.5176,650.5918,25.5547,6.4886,-51.4160,51.8238,26.2856,1694.5707
99,3.3000,1834.4069,594.1953,6.7639,7.2206,-30.2307,31.0811,11.2531,605.1387
100,3.3333,1836.0978,426.2036,22.8299,9.3967,-6.7898,11.5931,4.4040,121.8457
101,3.3667,1847.6564,330.5916,71.9951,10.5907,2.6518,10.9177,4.4654,74.3312
102,3.4000,1847.2253,566.3189,123.2396,11.3411,-1.5405,11.4453,3.3511,163.6951
103,3.4333,1871.3597,1063.0378,108.9142,11.2696,2.1941,11.4812,3.1591,543.7291
104,3.4667,1895.9165,1418.3710,25.6776,10.5946,-8.7491,13.7402,3.0831,944.7061
105,3.5000,1978.7628,1383.0840,-80.7900,9.7877,-30.0155,31.5710,12.2551,3570.5769
106,3.5333,2040.1793,911.8654,-164.6704,9.8718,-41.7422,42.8937,15.9141,2015.4304
107,3.5667,2061.2400,269.8666,-180.7210,10.1624,-23.7654,25.8470,4.1464,45.9928
108,3.6000,2040.3675,61.9653,-102.1858,10.0433,-2.0570,10.2518,1.9648,1.1491
109,3.6333,2010.5069,61.9653,23.8376,9.7413,8.4168,12.8738,7.1092,4.1576
110,3.6667,1981.3078,61.9653,127.8244,9.9108,12.7935,16.1833,7.6193,4.4559
111,3.7000,2019.6013,506.2521,147.0478,10.2230,2.8326,10.6082,6.8715,268.2309
112,3.7333,2052.7705,857.3894,86.9991,10.1877,-9.8428,14.1658,4.5798,512.7724
113,3.7667,2087.1086,1034.6295,0.7983,10.3693,-20.4041,22.8878,5.1576,840.9002
114,3.8000,2116.7927,887.8845,-76.7019,11.0661,-24.1579,26.5719,7.3728,885.2527
115,3.8333,2130.7841,493.7117,-125.2115,11.6400,-37.1229,38.9050,10.2917,382.0842
116,3.8667,2147.6157,122.8254,-122.7799,13.1547,-47.4002,49.1917,23.7799,54.6400
117,3.9000,2169.9947,61.9653,-72.0418,14.2045,-52.0057,53.9107,20.4386,11.9529
118,3.9333,2135.8799,61.9653,13.4882,14.9595,-49.4296,51.6437,23.5917,13.7969
119,3.9667,2114.3882,61.9653,86.2046,15.5731,-46.7842,49.3080,22.5705,13.1996
120,4.0000,2107.1331,198.8498,106.8801,14.7030,-48.3982,50.5822,22.7451,136.9820
121,4.0333,2117.4131,535.1844,81.7828,13.6351,-50.4646,52.2742,27.6071,1204.3473
122,4.0667,2160.8181,802.8257,29.8659,13.8760,-40.4814,42.7936,17.0404,1672.8142
123,4.1000,2218.5611,784.2254,-29.9604,16.1303,-15.5390,22.3974,5.7765,541.0960
124,4.1333,2208.0974,534.5345,-66.0299,16.8323,0.1856,16.8333,4.5371,197.4509
125,4.1667,2214.4253,275.3966,-53.1311,17.1272,-5.6982,18.0502,4.1170,47.5577
126,4.2000,2240.6562,156.0348,1.3647,16.9609,-9.9918,19.6853,6.4572,23.9447
127,4.2333,2225.5711,317.1341,60.1613,15.9232,7.8269,17.7429,4.6435,71.1310
128,4.2667,2246.2108,618.2414,76.7498,15.8222,5.3769,16.7109,8.7998,512.2864
129,4.3000,2272.2714,776.3499,42.4208,14.4802,-25.4273,29.2613,17.1644,1575.6817
130,4.3333,2296.7546,814.4751,-19.4383,12.2771,-50.2424,51.7206,19.3494,1955.0084
131,4.3667,2330.2820,662.3015,-74.5565,9.8504,-34.0206,35.4179,8.8824,593.4258
132,4.4000,2371.5132,387.9764,-74.3086,9.4595,-8.0131,12.3973,1.6480,37.7834
133,4.4333,2356.4778,258.6918,-6.1613,8.8532,6.4144,10.9327,4.2529,43.3490
134,4.4667,2354.9392,248.0498,83.7148,7.7731,8.8707,11.7945,5.4652,51.2168
135,4.5000,2361.2706,439.2833,103.0584,6.2492,3.9436,7.3895,6.3317,186.0936
136,4.5333,2387.6790,920.2044,45.2001,4.4792,-2.7370,5.2492,4.8607,626.8928
137,4.5667,2425.4269,1214.3171,-26.5528,3.0916,-12.4724,12.8498,3.9709,891.8189
138,4.6000,2461.6323,913.1222,-90.8259,2.2253,-20.6162,20.7359,6.0626,769.9082
139,4.6333,2507.4857,87.6266,-129.2963,1.7833,-28.0762,28.1328,11.3479,13.2713
140,4.6667,2512.7449,61.9653,-111.1747,0.3369,-44.9585,44.9598,12.3047,7.1960
141,4.7000,2445.3974,61.9653,-34.2671,-0.2167,-48.3008,48.3013,28.5184,16.6781
142,4.7333,2340.1038,61.9653,47.4998,0.1740,-43.0529,43.0532,38.3370,22.4202
143,4.7667,2233.6988,61.9653,88.6963,1.4762,-35.4014,35.4322,22.1658,12.9630
144,4.8000,2156.4205,61.9653,92.8622,1.5543,-42.8449,42.8731,19.7517,11.5512
145,4.8333,2158.8830,61.9653,77.3266,1.7508,-40.8738,40.9112,19.6164,11.4721
146,4.8667,2195.8310,409.9646,44.3003,2.2797,-25.3517,25.4540,8.0366,205.7263
147,4.9000,2214.0036,589.3093,22.6695,3.4598,-7.3443,8.1185,2.8570,151.1179
148,4.9333,2224.3608,418.6339,19.7821,4.6687,-1.4958,4.9024,2.8418,75.8551
149,4.9667,2229.7594,264.0522,25.7739,5.4202,-4.6807,7.1615,3.4703,36.8526
150,5.0000,2226.3217,384.2314,30.8494,5.4883,-2.8260,6.1731,3.9153,88.0390
151,5.0333,2239.5524,631.6735,33.2706,5.2558,1.1181,5.3734,3.9539,240.2888
152,5.0667,2273.7378,764.0914,4.3788,4.5314,17.1988,17.7857,3.9482,351.0891
153,5.1000,2308.4792,706.0866,-49.5613,4.1371,0.6143,4.1825,9.4811,719.9467
154,5.1333,2335.6358,468.1586,-92.8726,2.6253,-33.6636,33.7658,21.2308,708.7222
155,5.1667,2343.6250,146.3423,-86.0258,2.1567,-65.5044,65.5399,29.7797,97.1371
156,5.2000,2332.0474,61.9653,-27.7105,2.4009,-48.9740,49.0328,23.7082,13.8650
157,5.2333,2324.6532,61.9653,49.6490,2.4649,-23.3029,23.4329,3.8409,2.2463
158,5.2667,2329.0838,239.2820,105.6233,-0.2157,3.2007,3.2080,2.9998,26.1596
159,5.3000,2342.6344,571.4301,115.9447,-3.0240,11.1385,11.5417,9.0810,451.6344
160,5.3333,2373.2470,845.4037,93.8588,-4.7473,4.9004,6.8228,4.2232,459.7250
161,5.3667,2404.0751,949.1444,49.1783,-5.7248,-7.3557,9.3209,3.3223,455.8606
162,5.4000,2436.3075,896.4402,-22.2460,-6.7053,-15.4275,16.8217,4.5076,551.7114
163,5.4333,2468.4352,824.8309,-84.2476,-7.3239,-22.7613,23.9106,7.7263,800.6206
164,5.4667,2491.0200,700.1857,-109.2826,-7.9400,-34.4243,35.3281,11.9312,890.9119
165,5.5000,2503.2002,419.2385,-103.5079,-8.1135,-54.4940,55.0947,17.2944,462.9691
166,5.5333,2517.3923,81.9678,-80.3442,-7.2258,-55.5276,55.9958,27.1568,27.7901
167,5.5667,2537.1868,61.9653,-44.6868,-5.6055,-23.5117,24.1707,4.1133,2.4055
168,5.6000,2506.6698,61.9653,18.3402,-4.0850,15.7867,16.3067,7.3173,4.2793
169,5.6333,2485.9893,61.9653,72.9990,-3.1270,6.0726,6.8304,6.7836,3.9672
170,5.6667,2477.5221,61.9653,81.9897,-5.0869,-25.7736,26.2708,22.6058,13.2203
171,5.7000,2483.7740,354.7511,61.6646,-6.5438,-46.3209,46.7809,14.8866,285.3441
172,5.7333,2511.3720,556.6435,32.4803,-5.1931,-44.8744,45.1739,14.8323,699.9849
173,5.7667,2554.1024,513.3993,6.2935,-1.1610,-38.0399,38.0576,13.2917,533.5993
174,5.8000,2552.1617,405.8179,2.4248,1.2721,-23.5826,23.6169,5.0808,127.4428
175,5.8333,2557.7213,376.9287,23.8919,2.5687,-12.3902,12.6537,3.7833,81.8688
176,5.8667,2562.8850,430.7265,67.7595,3.0666,-11.9180,12.3062,3.9356,111.2087
177,5.9000,2580.5568,666.5620,95.7211,2.6853,-7.6726,8.1289,3.2135,217.4604
178,5.9333,2616.8153,966.8453,75.7655,2.6848,11.5214,11.8301,3.9981,569.2373
179,5.9667,2659.3405,1084.4104,6.8428,3.6859,-7.7954,8.6229,9.7863,1752.7939
180,6.0000,2680.0205,1032.0092,-71.4959,3.8942,-26.4649,26.7498,27.7367,4499.3155
181,6.0333,2725.9183,800.5411,-129.0820,2.9726,-39.5652,39.6767,2.2673,221.3095
182,6.0667,2747.3372,373.4586,-143.0899,1.4798,-22.3298,22.3788,5.9370,126.1169
183,6.1000,2753.9096,61.9653,-102.5630,0.3351,-18.9719,18.9749,2.3655,1.3834
184,6.1333,2751.8001,61.9653,-20.1803,-1.5210,2.2487,2.7148,3.0733,1.7973
185,6.1667,2734.1720,61.9653,72.4088,-3.1802,15.3964,15.7215,7.9293,4.6372
186,6.2000,2708.1454,254.6302,125.5670,-4.4897,14.6488,15.3214,8.0964,79.9532
187,6.2333,2744.7599,629.6589,112.0903,-5.7478,4.3599,7.2143,4.2615,257.3346
188,6.2667,2782.2162,907.3992,60.7027,-6.9220,-8.2650,10.7807,3.0722,385.2747
189,6.3000,2819.9707,980.5061,-11.1968,-7.7737,-18.8482,20.3883,6.4248,940.7783
190,6.3333,2848.9852,758.8471,-79.6937,-8.3175,-28.4113,29.6038,9.8340,862.5063
191,6.3667,2863.7199,455.0336,-111.4981,-8.6196,-39.6044,40.5316,14.4670,456.2379
192,6.4000,2870.4354,251.6108,-101.2829,-8.8646,-49.1957,49.9880,23.3070,224.7347
193,6.4333,2877.6061,110.3347,-64.8907,-9.2957,-52.3197,53.1391,24.6751,45.7518
194,6.4667,2882.2509,81.9398,-27.4067,-9.3888,-47.6679,48.5837,20.9515,21.4255
195,6.5000,2883.0177,61.9653,-8.4948,-8.7483,-39.7070,40.6593,15.3386,8.9703
196,6.5333,2882.6500,61.9653,9.5882,-6.9318,-37.4109,38.0477,12.9274,7.5602
197,6.5667,2883.9238,61.9653,34.2653,-7.1549,-38.8141,39.4681,22.1461,12.9515
198,6.6000,2888.1353,61.9653,64.2721,-6.2508,-42.8195,43.2733,13.9942,8.1841
199,6.6333,2872.1266,216.4896,93.5724,-5.9323,-29.6180,30.2063,17.7999,127.0625
200,6.6667,2899.1418,478.9847,104.5122,-4.5810,-25.9389,26.3403,4.4001,153.7557
201,6.7000,2910.6390,698.4091,89.4964,-4.5277,-7.8495,9.0617,8.8843,660.0377
202,6.7333,2940.1345,874.5481,47.7366,-3.1814,-6.4392,7.1823,6.3423,738.8221
203,6.7667,2977.0540,910.7379,-14.0537,-3.3871,4.0246,5.2603,3.5624,450.0469
204,6.8000,3011.7928,788.9294,-65.1812,-3.6548,2.6253,4.4999,4.2653,404.3420
205,6.8333,3019.6686,616.1445,-93.4610,-3.3063,15.2291,15.5839,5.9380,343.3449
206,6.8667,3053.1896,377.2496,-94.8330,-0.7092,17.0708,17.0855,7.7317,167.5939
207,6.9000,3051.9989,200.8703,-74.7210,1.1329,18.1610,18.1963,7.0902,43.5729
208,6.9333,3056.2334,113.1370,-48.2400,0.3701,16.1982,16.2025,7.1757,13.9894
209,6.9667,3058.1197,61.9653,-29.1316,-3.1301,13.8422,14.1916,7.4434,4.3531
210,7.0000,3059.5115,61.9653,-16.4887,-5.5529,7.1895,9.0842,7.2859,4.2610
211,7.0333,3060.6297,61.9653,4.6040,-6.2485,-1.3341,6.3893,4.0754,2.3834
212,7.0667,3061.0250,61.9653,44.2822,-5.8448,-7.3098,9.3592,3.1165,1.8226
213,7.1000,3061.8112,72.6659,94.2556,-4.9143,-7.9995,9.3884,3.2637,2.6248
214,7.1333,3066.0426,331.9684,133.1468,-4.5493,-14.0181,14.7379,3.5876,60.2167
215,7.1667,3069.0382,691.6371,139.5538,-4.4580,-26.3664,26.7406,6.4961,473.2983
216,7.2000,3099.3056,1036.0049,99.7504,-4.4827,-37.8130,38.0778,11.0967,1814.0243
217,7.2333,3147.4526,1182.8224,14.0007,-3.7531,-40.2625,40.4370,12.2984,2620.6780
218,7.2667,3196.9924,1089.2414,-80.9461,-4.2534,-43.5836,43.7907,12.2121,2206.8026
219,7.3000,3234.1938,816.8948,-136.1990,-4.6654,-45.9332,46.1695,17.9390,1823.2828
220,7.3333,3251.3043,438.6623,-129.3121,-3.9831,-42.3893,42.5760,16.7131,489.8265
221,7.3667,3244.3761,158.4820,-66.0639,-3.1160,-29.7800,29.9426,18.9054,72.3220
222,7.4000,3252.2684,125.0358,25.5572,-3.8438,-16.2917,16.7390,9.3704,22.3127
223,7.4333,3260.2823,326.2175,109.1240,-4.6791,-7.9601,9.2335,4.3302,70.1860
224,7.4667,3267.8610,637.5216,141.4287,-4.3145,-6.1214,7.4891,4.3324,268.1889
225,7.5000,3297.0785,948.1902,85.9338,-4.4030,-12.3327,13.0951,5.2931,724.8077
226,7.5333,3335.9283,1131.4411,-4.2429,-4.8729,-10.9442,11.9800,6.6101,1288.8388
227,7.5667,3374.7395,1050.7769,-92.0953,-5.2146,0.4546,5.2344,4.7347,796.2290
228,7.6000,3408.4818,631.7677,-152.0511,-5.4468,13.7649,14.8034,5.3690,326.3853
229,7.6333,3438.3260,61.9653,-171.4804,-5.2787,20.8851,21.5419,6.7762,3.9628
230,7.6667,3414.4285,61.9653,-150.3970,-6.0150,22.7078,23.4909,9.5449,5.5820
231,7.7000,3373.2675,61.9653,-105.3632,-8.2986,21.4917,23.0382,5.7789,3.3796
232,7.7333,3313.9274,61.9653,-67.4159,-12.1943,14.4658,18.9199,2.8369,1.6591
233,7.7667,3255.4622,61.9653,-61.0634,-14.9242,12.5986,19.5309,3.0828,1.8029
234,7.8000,3212.5596,61.9653,-50.9774,-16.7804,9.3551,19.2120,4.7083,2.7535
235,7.8333,3206.4396,61.9653,-43.2374,-16.2194,5.9200,17.2660,4.0415,2.3636
236,7.8667,3178.0821,61.9653,-22.5508,-14.0595,-0.1439,14.0603,4.0796,2.3858
237,7.9000,3171.0951,61.9653,10.1463,-11.9540,-6.8187,13.7620,3.7576,2.1975
238,7.9333,3136.6774,61.9653,47.6770,-11.8863,-22.0693,25.0667,5.8830,3.4405
239,7.9667,3138.7593,180.4801,95.8052,-11.7794,-39.9868,41.6857,12.7325,63.1679
240,8.0000,3162.7723,503.8716,145.9874,-12.1213,-41.7053,43.4311,16.0183,619.4135
241,8.0333,3197.2128,737.2145,193.3732,-11.9948,-29.7691,32.0948,4.6576,385.5480
242,8.0667,3210.0967,1139.4564,218.6128,-11.7315,-23.8327,26.5636,3.0084,594.9078
243,8.1000,3264.4600,1565.8322,178.9302,-11.2197,-26.2922,28.5860,15.0868,5633.9288
244,8.1333,3284.9584,1902.6192,63.7501,-12.6630,-12.4885,17.7852,4.1559,2291.3413
245,8.1667,3370.4579,2122.8900,-85.6312,-14.0350,13.2642,19.3111,4.1464,2846.1304
246,8.2000,3478.5276,1820.5022,-204.9859,-12.5299,11.1054,16.7430,8.2322,4155.4877
247,8.2333,3522.1702,1052.0722,-259.7943,-10.3677,8.9767,13.7138,3.2577,549.1894
248,8.2667,3547.4531,252.9407,-247.3037,-9.6093,3.1439,10.1105,10.4171,101.5100
249,8.3000,3540.6561,61.9653,-140.1401,-9.4993,0.6731,9.5231,2.1990,1.2860
250,8.3333,3474.0519,61.9653,23.2405,-9.0627,-3.4128,9.6840,4.7878,2.8000
251,8.3667,3471.7573,61.9653,150.0040,-10.0033,15.3650,18.3344,5.9788,3.4965
252,8.4000,3506.8728,449.1075,190.7141,-11.9076,1.8286,12.0472,4.4686,137.2762
253,8.4333,3525.4206,1012.9214,170.2926,-14.4644,-22.7371,26.9480,18.3331,2864.9250
254,8.4667,3568.1095,1350.1501,115.9350,-17.8274,-28.4310,33.5580,9.2175,2559.1743
255,8.5000,3616.3891,1406.3679,38.9281,-18.4013,-23.5812,29.9112,9.7848,2947.6292
256,8.5333,3651.1901,1354.2597,-33.1861,-17.7564,-24.5043,30.2614,9.9979,2792.7764
257,8.5667,3708.6281,1179.6480,-59.6971,-18.1957,-19.9779,27.0222,5.2454,1111.7534
258,8.6000,3756.5445,1028.0421,-46.9946,-20.5231,-5.3559,21.2104,4.9656,799.3162
259,8.6333,3777.1751,1016.0164,-19.6000,-21.3073,-5.4032,21.9817,5.1156,804.3043
260,8.6667,3787.7662,1037.9501,-3.1407,-21.4143,-10.9595,24.0558,5.4040,886.7361
261,8.7000,3831.9648,1028.2828,-18.8011,-20.7703,-26.0740,33.3356,7.8240,1260.0215
262,8.7333,3880.3472,1021.4271,-56.1175,-19.8855,-36.8626,41.8842,15.6645,2489.1839
263,8.7667,3921.0395,929.7640,-83.3576,-19.3060,-40.0154,44.4292,14.2615,1877.7414
264,8.8000,3945.5274,626.1180,-96.8184,-19.7997,-36.2655,41.3184,13.4201,801.2952
265,8.8333,3946.3356,338.0314,-95.6742,-20.9565,-24.0041,31.8649,23.3727,406.7686
266,8.8667,3957.7389,254.7636,-79.3033,-21.6044,-3.5360,21.8918,8.2849,81.9008
267,8.9000,3962.3578,206.6450,-51.1026,-21.5747,10.4490,23.9719,7.2830,47.3681
268,8.9333,3963.7349,61.9653,-30.5786,-21.1757,4.6992,21.6908,6.2949,3.6814
269,8.9667,3979.3903,61.9653,-28.2971,-20.9548,-9.1816,22.8780,8.6149,5.0382
270,9.0000,3966.7423,61.9653,-28.5182,-20.9635,-17.6846,27.4265,9.2343,5.4004
271,9.0333,3919.3916,61.9653,-21.6638,-21.6331,-19.2778,28.9763,8.6573,5.0630
272,9.0667,3856.9948,61.9653,-18.6077,-23.6394,-5.7308,24.3242,5.6810,3.3223
273,9.1000,3812.3564,61.9653,-15.6786,-25.4386,12.8562,28.5027,7.4176,4.3379
274,9.1333,3751.6437,61.9653,-13.1652,-24.6980,21.8221,32.9575,8.3517,4.8843
275,9.1667,3713.6612,61.9653,-10.8976,-23.6640,16.4094,28.7968,5.0932,2.9786
276,9.2000,3671.6035,61.9653,-8.7062,-26.1235,13.5346,29.4214,4.7450,2.7750
277,9.2333,3628.6460,61.9653,-6.4211,-28.8589,12.4749,31.4398,5.6442,3.3008
278,9.2667,3600.3474,61.9653,-3.8724,-28.9974,6.9528,29.8193,6.5699,3.8422
279,9.3000,3604.3451,61.9653,-0.8904,-28.1040,1.2289,28.1309,5.7843,3.3828
280,9.3333,3590.3567,61.9653,2.1846,-28.2912,-0.4868,28.2954,6.0498,3.5380
281,9.3667,3578.0716,61.9653,9.4287,-28.5019,-2.9704,28.6562,6.2061,3.6294
282,9.4000,3571.3345,61.9653,16.9189,-28.7743,-12.0118,31.1808,7.0699,4.1346
283,9.4333,3570.6843,61.9653,20.2089,-29.1705,-25.4030,38.6811,10.4639,6.1195
284,9.4667,3573.1158,133.6481,15.3944,-28.8396,-35.7735,45.9507,14.5403,39.5571
285,9.5000,3579.7658,184.4713,6.6799,-28.2671,-40.1568,49.1080,20.7538,107.5674
286,9.5333,3588.4813,184.1190,4.7022,-27.6289,-43.9484,51.9116,21.8418,112.7746
287,9.5667,3594.6352,152.5570,0.2400,-27.4150,-42.7934,50.8218,29.0766,103.0700
288,9.6000,3596.5959,105.4989,-6.6313,-28.0931,-38.4378,47.6097,27.0667,45.8834
289,9.6333,3599.1302,147.6411,-10.5390,-28.6431,-35.0944,45.2996,22.1068,73.3947
290,9.6667,3601.5468,187.9380,-14.7101,-28.6632,-29.2772,40.9724,39.5196,212.6014
291,9.7000,3603.3516,61.9653,-20.5883,-27.8033,-23.9935,36.7248,7.4544,4.3595
292,9.7333,3607.0816,61.9653,-27.3835,-27.3477,-25.4100,37.3304,9.5804,5.6028
293,9.7667,3612.5178,61.9653,-26.6310,-25.3287,-44.4674,51.1751,14.3242,8.3771
294,9.8000,3561.1418,61.9653,-11.0439,-24.3299,-35.8534,43.3291,22.3718,13.0834
295,9.8333,3498.8046,61.9653,1.6301,-23.4039,-24.2410,33.6952,3.6289,2.1222
296,9.8667,3441.7163,61.9653,37.9859,-23.5473,-27.1566,35.9438,10.3556,6.0562
297,9.9000,3405.6057,61.9653,87.7201,-22.4243,-34.3791,41.0460,17.4060,10.1794
298,9.9333,3403.9256,61.9653,126.8172,-22.0138,-18.0362,28.4589,5.7055,3.3367
299,9.9667,3423.8044,430.7910,142.5518,-21.0128,-2.6670,21.1814,5.3890,152.3239
300,10.0000,3430.4046,850.3707,123.1034,-19.9534,-7.1965,21.2115,5.1151,563.3753
301,10.0333,3459.2926,1045.6845,62.1479,-18.0915,-20.4198,27.2814,6.3749,1061.6871
302,10.0667,3502.6938,1069.8646,-21.7210,-16.2107,-27.6793,32.0770,9.2056,1604.8527
303,10.1000,3546.0024,952.1211,-93.1982,-14.6009,-24.5698,28.5808,4.4303,611.7063
304,10.1333,3578.3941,653.8575,-98.5456,-13.4486,-13.2468,18.8770,6.0007,390.7470
305,10.1667,3589.3797,367.8310,-49.1472,-12.0803,-11.9190,16.9704,6.4130,132.1557
306,10.2000,3597.4833,314.4955,18.7112,-10.4784,-11.3723,15.4637,6.8578,103.3091
307,10.2333,3587.6142,499.6649,71.2802,-8.0677,-13.1969,15.4676,6.1190,232.6822
308,10.2667,3612.1579,805.3642,75.6979,-6.3737,2.8372,6.9766,2.8232,278.9032
309,10.3000,3653.9740,986.0467,22.8669,-4.6789,-1.9765,5.0793,6.3236,936.4457
310,10.3333,3700.6448,934.8864,-52.2441,-3.0632,-11.4370,11.8401,7.0095,933.1011
311,10.3667,3731.7509,680.5809,-107.9004,-1.1830,-13.6160,13.6673,1.1391,80.3596
312,10.4000,3746.4055,341.8517,-116.9100,0.0456,8.2480,8.2481,3.7454,66.6642
313,10.4333,3733.8823,102.0126,-80.9777,1.3754,11.2498,11.3336,2.6729,4.2365
314,10.4667,3735.9397,61.9653,-32.2967,2.2691,5.1841,5.6589,1.9035,1.1132
315,10.5000,3743.7924,84.6616,5.9076,2.6026,3.5154,4.3740,3.0027,3.2780
316,10.5333,3751.9597,198.8025,25.7682,3.2729,-1.3505,3.5406,3.2659,19.6596
317,10.5667,3756.0065,218.3766,28.8947,4.4776,-10.2386,11.1749,4.4454,32.2887
318,10.6000,3764.9531,191.2778,25.9983,4.7652,-26.9395,27.3577,6.0403,33.6597
319,10.6333,3772.8150,237.7325,15.0790,4.0594,-35.2517,35.4846,15.0509,129.5577
320,10.6667,3776.3270,313.1897,-1.0848,3.4960,-38.4767,38.6352,18.0376,269.4746
321,10.7000,3784.0422,340.1999,-15.9594,4.3394,-34.1914,34.4656,18.0675,318.4874
322,10.7333,3802.7507,288.7596,-32.4714,6.4907,-32.1899,32.8378,16.1242,204.7738
323,10.7667,3815.5741,127.2648,-43.0561,8.6780,-38.5528,39.5175,14.4698,35.6948
324,10.8000,3818.8078,61.9653,-14.8546,8.2717,-43.8634,44.6365,19.3742,11.3304
325,10.8333,3811.5666,61.9653,49.2482,5.9246,-44.2886,44.6831,15.5816,9.1124
326,10.8667,3800.0021,61.9653,113.5126,4.0488,-40.3055,40.5083,12.5422,7.3349
327,10.9000,3789.2808,379.6617,134.5805,4.3651,-43.8441,44.0609,13.2915,291.8041
328,10.9333,3817.9658,816.9174,103.0273,5.7406,-43.8599,44.2339,14.5951,1483.5012
329,10.9667,3860.3695,1073.3645,43.0436,7.1324,-40.3069,40.9331,10.7752,1890.7875
330,11.0000,3904.5362,1003.3963,-14.8000,7.4739,-34.6201,35.4176,18.0340,2765.4299
331,11.0333,3942.4310,747.9907,-43.7595,7.3269,-36.1588,36.8937,17.0001,1448.6653
332,11.0667,3963.9076,568.8836,-19.3614,5.9435,-23.5465,24.2851,19.8637,979.1122
333,11.1000,3953.9487,616.9206,34.7186,4.2037,-7.3460,8.4637,2.2508,130.4741
334,11.1333,3969.0593,850.9075,76.8904,2.6010,11.1374,11.4371,2.3189,255.7207
335,11.1667,4015.0654,1105.3362,71.7985,2.3696,15.7425,15.9198,3.7464,697.1562
336,11.2000,4068.4846,1198.2634,3.4623,0.2235,3.5382,3.5452,2.4500,535.8005
337,11.2333,4114.9708,1123.4626,-78.0525,-0.5411,-4.2726,4.3067,3.1354,602.7545
338,11.2667,4146.9733,897.5619,-136.6545,0.4005,-2.3362,2.3702,2.7351,335.6046
339,11.3000,4148.3670,508.8641,-154.9959,2.1941,5.9899,6.3791,0.8752,34.5179
340,11.3333,4155.6915,61.9653,-137.7028,1.1920,-5.1566,5.2926,1.3294,0.7775
341,11.3667,4181.0730,61.9653,-98.3473,-0.0415,-21.0458,21.0458,4.5031,2.6335
342,11.4000,4153.3449,61.9653,-49.8969,-0.6196,-28.1153,28.1221,8.7198,5.0995
343,11.4333,4090.8155,61.9653,13.8318,-0.3223,-33.0304,33.0319,3.9322,2.2996
344,11.4667,4023.0623,61.9653,56.2583,0.0344,-31.8286,31.8286,11.4961,6.7231
345,11.5000,3948.5842,61.9653,58.8662,-1.1309,-35.4209,35.4389,12.6454,7.3953
346,11.5333,3953.2049,309.6464,33.5752,-2.2010,-32.1787,32.2539,14.0568,205.2788
347,11.5667,4038.1005,585.4747,-4.1749,-4.0049,-32.9592,33.2016,28.3501,1480.1148
348,11.6000,4070.6859,380.0468,-39.0196,-5.2877,-28.0412,28.5353,20.2488,445.4495
349,11.6333,4070.7997,61.9653,-41.3141,-6.6458,-28.7778,29.5352,16.3015,9.5334
350,11.6667,4021.5749,61.9653,-1.6282,-6.1916,-31.2459,31.8534,13.3148,7.7867
351,11.7000,3984.9297,61.9653,73.4443,-5.9921,-36.6804,37.1666,9.3370,5.4605
352,11.7333,3993.8346,366.9982,124.9525,-5.0629,-36.3131,36.6644,19.8861,407.9449
353,11.7667,4057.8444,782.3328,121.2936,-5.8642,-18.6318,19.5329,6.0514,564.1133
354,11.8000,4100.5569,1048.1423,98.7884,-7.7712,1.7470,7.9651,2.7678,463.1223
355,11.8333,4122.2024,1057.9023,71.5457,-9.6663,13.0222,16.2177,2.4461,416.9570
356,11.8667,4122.9974,1016.4524,39.9777,-9.4218,7.6697,12.1488,2.2722,357.5590
357,11.9000,4170.5922,1101.9675,-4.1653,-9.3008,-9.0055,12.9462,2.9433,544.3681
358,11.9333,4216.3942,1225.5367,-58.8347,-9.6772,-27.8902,29.5213,9.8655,2256.8126
359,11.9667,4269.8236,1194.2824,-116.7896,-11.2890,-40.5083,42.0519,12.3420,2681.1769
360,12.0000,4307.7235,842.3292,-155.7252,-12.6083,-34.1991,36.4493,13.7028,1480.8044
361,12.0333,4321.1735,255.9732,-124.6504,-12.4591,-28.7424,31.3266,9.2244,92.0559
362,12.0667,4323.3150,61.9653,-16.2213,-11.5651,-24.6141,27.1957,9.5449,5.5820
363,12.1000,4322.4772,61.9653,119.0980,-12.9839,-27.4560,30.3713,10.7508,6.2873
364,12.1333,4304.4042,587.8372,204.9954,-16.6975,-25.8378,30.7636,10.3436,544.3924
365,12.1667,4311.9527,1233.8624,171.3725,-18.8296,-18.2642,26.2323,15.8559,3676.6234
366,12.2000,4396.1227,1619.8082,45.2718,-17.9814,-17.8154,25.3124,4.7451,1896.2499
367,12.2333,4472.7884,1489.9550,-95.1341,-15.9022,-30.9710,34.8150,5.7532,1945.2739
368,12.2667,4527.9851,1003.3676,-194.5964,-16.0773,-26.3570,30.8735,13.2624,2033.6004
369,12.3000,4547.4275,297.4419,-208.9334,-18.0325,-11.1290,21.1903,3.5180,47.4044
370,12.3333,4512.1567,61.9653,-114.5535,-20.3826,2.8605,20.5824,2.8101,1.6434
371,12.3667,4480.9689,61.9653,28.6720,-21.3186,-0.4630,21.3236,3.8285,2.2390
372,12.4000,4504.0274,61.9653,139.6178,-21.3687,2.8690,21.5604,3.6472,2.1330
373,12.4333,4494.7615,519.0695,173.0137,-20.4498,-1.9708,20.5445,3.1097,127.6125
374,12.4667,4516.9589,1052.8010,133.0708,-19.1912,-17.7358,26.1317,4.7653,804.4621
375,12.5000,4561.9975,1196.5386,50.7707,-18.6648,-37.5406,41.9246,15.0149,3274.1690
376,12.5333,4615.0396,1131.2668,-48.7792,-19.1791,-45.2812,49.1755,14.7074,2866.7630
377,12.5667,4659.1709,919.2729,-130.2096,-20.1129,-37.6544,42.6894,11.0201,1418.3974
378,12.6000,4682.4368,538.6083,-146.6023,-20.6501,-28.7047,35.3608,6.0711,268.2512
379,12.6333,4673.5280,238.0719,-114.6001,-20.4361,-23.2241,30.9353,6.3134,54.5013
380,12.6667,4679.3796,120.9954,-55.4703,-19.4297,-19.1145,27.2558,4.3565,9.7140
381,12.7000,4686.7780,104.5439,-7.0571,-19.2511,-10.6747,22.0126,2.9828,4.9652
382,12.7333,4698.5909,204.2304,53.7054,-19.4844,-2.3534,19.6261,2.4947,15.8484
383,12.7667,4713.6119,420.0551,126.8172,-21.2687,-4.0185,21.6450,2.7922,75.0386
384,12.8000,4731.8408,752.0179,212.2783,-24.2558,-12.8332,27.4414,4.5561,392.4403
