Frame,Time_s,Theta_deg,Omega_deg_s,Alpha_rad_s2,CoM_X_cm,CoM_Z_cm,CoM_Radius_cm,Rotational_KE_J
0.0000,0.0000,-0.0588,31.5961,-11.3250,20.0606,-3.4048,20.3475,0.5384
1.0000,0.0333,0.8004,12.1481,-2.0895,20.1168,-2.3582,20.2546,0.0796
2.0000,0.0667,1.5354,15.0839,6.7383,19.2755,-0.9692,19.2998,0.1227
3.0000,0.1000,1.7812,37.3046,11.4896,17.4557,-0.3618,17.4594,0.7506
4.0000,0.1333,3.4777,82.2912,39.6002,14.7930,3.2072,15.1367,3.6523
5.0000,0.1667,8.0348,121.2537,77.7044,12.4073,8.2475,14.8984,7.9296
6.0000,0.2000,12.8131,404.0510,29.6098,11.2637,7.8667,13.7388,88.0510
7.0000,0.2333,23.5975,362.9599,-69.4830,10.3115,4.4281,11.2220,71.0525
8.0000,0.2667,56.7282,0.0000,-87.8453,8.1794,12.0114,14.5319,0.0000
9.0000,0.3000,4.2730,0.0000,-50.3593,1.3541,1.9519,2.3756,0.0000
10.0000,0.3333,-1.1046,0.0000,62.3652,-4.5142,-0.1783,4.5178,0.0000
11.0000,0.3667,-55.4504,0.0000,346.7474,-8.8998,-15.1271,17.5510,0.0000
12.0000,0.4000,-19.6618,1196.3905,516.1334,-11.6622,-2.8701,12.0101,771.9830
13.0000,0.4333,20.8894,2369.3176,191.4627,-16.2511,2.8603,16.5009,3027.6692
14.0000,0.4667,146.3714,2000.9704,-341.3613,-20.3737,13.0799,24.2110,2159.4502
15.0000,0.5000,172.5832,798.6822,-476.4258,-23.0776,6.9038,24.0881,344.0408
16.0000,0.5333,175.1158,26.3682,-234.4294,-25.3889,4.3840,25.7647,0.3750
17.0000,0.5667,178.6422,61.2242,-33.1549,-26.1561,-1.3321,26.1900,2.0217
18.0000,0.6000,181.7816,31.1498,18.3847,-26.4935,-10.6202,28.5428,0.5233
19.0000,0.6333,182.4143,20.6139,118.2243,-26.5998,-20.8435,33.7935,0.2292
20.0000,0.6667,182.5150,398.0706,298.9525,-26.1448,-36.4373,44.8467,85.4638
21.0000,0.7000,203.0994,1195.4698,313.3005,-23.8432,-50.3332,55.6950,770.7954
22.0000,0.7333,261.8010,1741.0134,47.7447,-20.9738,-46.0030,50.5587,1634.8056
23.0000,0.7667,327.0100,1410.7176,-266.5204,-19.6404,-28.5453,34.6494,1073.3516
24.0000,0.8000,358.9280,582.7844,-330.1779,-17.4646,-14.5152,22.7091,183.1798
25.0000,0.8333,360.0157,66.7900,-156.3898,-15.2243,-9.0024,17.6868,2.4059
26.0000,0.8667,360.4689,38.8737,-9.2656,-13.8948,-2.5607,14.1288,0.8150
27.0000,0.9000,364.5324,141.2365,-11.9458,-13.8191,10.2266,17.1916,10.7586
28.0000,0.9333,370.2157,6.2760,1.4232,-12.2247,22.7872,25.8592,0.0212
29.0000,0.9667,372.0374,13.8995,202.6047,-8.8078,14.5031,16.9681,0.1042
30.0000,1.0000,362.1431,686.2506,403.4241,-5.8989,1.2422,6.0282,253.9963
31.0000,1.0333,411.8644,1743.9603,288.4123,-4.9774,-4.6995,6.8454,1640.3445
32.0000,1.0667,485.1683,1954.1840,-6.7645,-5.7111,4.4103,7.2158,2059.6469
33.0000,1.1000,556.1052,1488.6651,-63.8060,-5.2353,-0.3502,5.2470,1195.2421
34.0000,1.1333,570.2412,1505.5989,24.9823,-4.2653,-4.3801,6.1138,1222.5889
35.0000,1.1667,646.1141,1890.7721,-146.5075,-1.9801,-3.9265,4.3975,1928.1473
36.0000,1.2000,708.4438,1126.3400,-384.5955,-0.3466,3.6038,3.6204,684.2281
37.0000,1.2333,734.0045,0.0000,-304.4298,2.2724,5.8223,6.2501,0.0000
38.0000,1.2667,647.5159,0.0000,-58.9289,3.0661,4.4985,5.4441,0.0000
39.0000,1.3000,575.0976,0.0000,25.3183,5.6926,-0.2561,5.6984,0.0000
40.0000,1.3333,534.1621,0.0000,5.6667,9.0753,-5.5238,10.6242,0.0000
41.0000,1.3667,542.7602,11.4810,5.2986,14.3094,-5.6722,15.3926,0.0711
42.0000,1.4000,540.8933,43.9968,1.1583,16.8528,-3.0612,17.1286,1.0440
43.0000,1.4333,539.3463,0.0000,6.4802,17.9569,4.8831,18.6090,0.0000
44.0000,1.4667,540.4556,57.1871,14.1816,17.2349,-2.2713,17.3839,1.7638
45.0000,1.5000,543.2922,100.5893,32.1968,16.0366,-22.2836,27.4542,5.4571
46.0000,1.5333,548.3472,155.5889,133.7178,14.4055,-47.2371,49.3848,13.0563
47.0000,1.5667,554.4031,496.4642,275.0656,14.0692,-57.2605,58.9636,132.9345
48.0000,1.6000,575.4949,1251.0664,178.7668,13.6564,-59.2694,60.8223,844.1557
49.0000,1.6333,632.5623,1455.7654,-150.2452,11.1444,-45.8163,47.1522,1142.9958
50.0000,1.6667,692.3823,523.2194,-333.6223,7.5759,-36.0425,36.8301,147.6487
51.0000,1.7000,667.4429,0.0000,-131.2509,3.9051,-37.8224,38.0235,0.0000
52.0000,1.7333,647.4938,12.8557,150.5130,4.5568,-39.5553,39.8169,0.0891
53.0000,1.7667,667.9870,705.8560,127.9863,1.6502,-20.4401,20.5066,268.7164
54.0000,1.8000,711.9566,697.9892,-83.8339,-4.1667,-4.7052,6.2850,262.7600
55.0000,1.8333,704.4880,153.1812,-167.4879,-8.8354,-9.5102,12.9810,12.6553
56.0000,1.8667,721.3159,0.0000,-69.7278,-6.3239,-26.1475,26.9014,0.0000
57.0000,1.9000,663.1908,0.0000,-1.5336,-6.3584,-22.9032,23.7695,0.0000
58.0000,1.9333,571.5633,0.0000,11.6878,-10.5129,-19.8424,22.4553,0.0000
59.0000,1.9667,509.2533,0.0000,43.7338,-14.5055,-4.2878,15.1260,0.0000
60.0000,2.0000,525.1208,153.6078,40.5812,-15.0647,13.4797,20.2150,12.7259
61.0000,2.0333,530.7695,246.7648,-8.7833,-13.7566,26.4950,29.8534,32.8419
62.0000,2.0667,533.5309,62.1865,-28.9171,-12.0353,19.4369,22.8614,2.0857
63.0000,2.1000,535.0302,85.4069,-3.4654,-11.4770,13.2126,17.5013,3.9341
64.0000,2.1333,538.8101,123.5663,1.1306,-10.9977,8.7199,14.0352,8.2350
65.0000,2.1667,544.0478,92.7599,4.8869,-10.1555,3.1715,10.6392,4.6407
66.0000,2.2000,547.0009,101.2159,93.5033,-9.5502,-4.7047,10.6462,5.5253
67.0000,2.2333,548.6596,401.5173,214.8545,-8.8021,-21.4002,23.1397,86.9502
68.0000,2.2667,570.5076,959.8466,220.3738,-7.5398,-38.1550,38.8928,496.8960
69.0000,2.3000,613.8423,1322.0857,61.0091,-5.7725,-43.4390,43.8209,942.7164
70.0000,2.3333,662.4075,1190.4297,-129.8102,-4.7182,-38.5713,38.8588,764.3097
71.0000,2.3667,693.6776,766.1350,-206.2786,-4.7648,-34.3154,34.6446,316.5719
72.0000,2.4000,711.4504,378.1346,-164.6372,-5.0810,-31.6896,32.0944,77.1178
73.0000,2.4333,718.7768,153.1152,-85.8022,-4.4542,-34.3304,34.6182,12.6444
74.0000,2.4667,721.3152,61.1344,-27.5154,-3.1945,-24.9123,25.1163,2.0157
75.0000,2.5000,722.6959,54.8945,-2.7833,-2.0244,-6.8934,7.1845,1.6252
76.0000,2.5333,725.1567,55.7707,1.0680,-1.1735,7.2106,7.3055,1.6775
77.0000,2.5667,727.0819,48.0522,-4.9935,-0.1526,9.2006,9.2019,1.2453
78.0000,2.6000,727.5853,46.1581,-19.8116,0.6251,12.7569,12.7722,1.1491
79.0000,2.6333,729.7198,0.0000,-6.9105,0.9450,22.3275,22.3475,0.0000
80.0000,2.6667,728.2274,0.0000,143.1440,0.4550,9.8237,9.8342,0.0000
81.0000,2.7000,716.6639,394.3378,359.0615,0.1142,-22.4688,22.4691,83.8685
82.0000,2.7333,745.6106,1441.1459,321.2325,0.1351,-41.3422,41.3425,1120.1540
83.0000,2.7667,816.3093,1877.9394,-55.7950,0.4960,-20.0559,20.0620,1902.0635
84.0000,2.8000,883.1246,1164.5602,-370.4262,0.5031,4.7166,4.7433,731.4518
85.0000,2.8333,892.7204,233.7109,-299.6229,-0.5405,11.4066,11.4194,29.4591
86.0000,2.8667,888.5937,0.0000,-53.8507,-1.5139,4.1887,4.4539,0.0000
87.0000,2.9000,892.2347,175.6778,43.3658,-1.2619,-1.7442,2.1528,16.6454
88.0000,2.9333,903.9982,220.5740,0.6876,-0.3258,-13.8737,13.8776,26.2404
89.0000,2.9667,908.2770,114.8750,22.1634,0.0981,-17.7765,17.7768,7.1173
90.0000,3.0000,911.4090,227.1838,153.3937,0.5626,-23.1561,23.1629,27.8366
91.0000,3.0333,919.3727,706.4544,222.6388,1.5415,-29.2387,29.2793,269.1721
92.0000,3.0667,957.2037,1179.4965,94.8559,2.8050,-39.1380,39.2384,750.3350
93.0000,3.1000,1002.3290,1119.4891,-108.8724,5.0003,-42.7119,43.0035,675.9298
94.0000,3.1333,1036.0393,666.2446,-168.9591,7.3065,-44.5310,45.1265,239.4028
95.0000,3.1667,1042.4543,397.5815,-79.6198,9.1734,-44.4577,45.3943,85.2539
96.0000,3.2000,1058.5927,421.7346,-19.7490,9.5505,-46.5262,47.4963,95.9269
97.0000,3.2333,1074.2407,392.0805,-52.4238,8.0875,-54.1447,54.7454,82.9110
98.0000,3.2667,1085.9766,187.9248,-81.8337,6.9021,-53.3074,53.7523,19.0472
99.0000,3.3000,1085.9719,49.6198,-26.9890,7.6610,-31.3428,32.2655,1.3279
100.0000,3.3333,1087.7178,51.8489,51.4283,9.9171,-7.0396,12.1616,1.4499
101.0000,3.3667,1090.9990,281.7527,33.2919,11.1551,2.7493,11.4889,42.8152
102.0000,3.4000,1098.6404,275.9718,-45.6906,11.9331,-1.5971,12.0395,41.0763
103.0000,3.4333,1118.0826,0.0000,-102.5125,11.8590,2.2748,12.0752,0.0000
104.0000,3.4667,1068.0959,0.0000,50.0172,11.1591,-9.0710,14.3808,0.0000
105.0000,3.5000,973.3970,0.0000,513.6603,10.3225,-31.1196,32.7870,0.0000
106.0000,3.5333,956.7687,1653.3300,754.3131,10.4196,-42.9763,44.2214,1474.2832
107.0000,3.5667,1094.3700,3562.2504,218.3720,10.6712,-25.8455,27.9618,6844.0117
108.0000,3.6000,1225.0761,2656.7309,-567.8746,10.5311,-3.8409,11.2097,3806.7731
109.0000,3.6333,1266.5673,760.5137,-681.6999,10.2347,7.5205,12.7007,311.9435
110.0000,3.6667,1258.8535,0.0000,-260.9239,10.4601,13.5656,17.1301,0.0000
111.0000,3.7000,1263.3714,14.8518,17.6238,10.7739,2.9368,11.1669,0.1190
112.0000,3.7333,1266.4465,131.0492,34.5183,10.7372,-10.2049,14.8131,9.2626
113.0000,3.7667,1269.7997,116.0951,26.0999,10.9255,-21.1547,23.8094,7.2693
114.0000,3.8000,1277.0743,167.3410,137.4272,11.6479,-25.0466,27.6226,15.1031
115.0000,3.8333,1280.3783,566.5804,276.4760,12.2429,-38.4885,40.3888,173.1350
116.0000,3.8667,1307.4370,1285.7603,202.1833,13.8134,-49.1438,51.0483,891.6243
117.0000,3.9000,1367.7037,1512.7121,-100.6389,14.8950,-53.8344,55.8570,1234.1684
118.0000,3.9333,1419.8069,852.9385,-301.9331,15.7115,-51.5854,53.9250,392.3713
119.0000,3.9667,1422.8635,156.0576,-192.3415,16.3589,-48.9833,51.6428,13.1350
120.0000,4.0000,1419.5939,124.5815,6.2271,15.4456,-50.5160,52.8246,8.3708
121.0000,4.0333,1433.3411,332.6641,38.5035,14.3047,-52.2367,54.1599,59.6862
122.0000,4.0667,1447.1883,281.2430,-34.0246,14.5612,-41.9706,44.4248,42.6604
123.0000,4.1000,1450.1834,125.8085,-60.7157,16.8984,-16.1106,23.3475,8.5365
124.0000,4.1333,1454.3107,60.5045,-16.6833,17.6262,0.1925,17.6273,1.9744
125.0000,4.1667,1455.2680,36.9637,17.8822,17.9320,-5.9078,18.8801,0.7369
126.0000,4.2000,1456.9324,175.8892,1.1994,17.7596,-10.3594,20.5602,16.6855
127.0000,4.2333,1459.1554,62.4126,-28.2731,16.6837,8.1148,18.5526,2.1009
128.0000,4.2667,1471.8052,0.0000,-24.2952,16.5790,5.5747,17.4911,0.0000
129.0000,4.3000,1409.2750,0.0000,-1.6552,15.1595,-26.7401,30.7383,0.0000
130.0000,4.3333,1320.9475,0.0000,-0.0718,13.0106,-50.2835,51.9394,0.0000
131.0000,4.3667,1255.5771,0.0000,4.8404,10.5694,-34.3224,35.9129,0.0000
132.0000,4.4000,1259.0812,0.0000,11.7675,10.1264,-8.4829,13.2100,0.0000
133.0000,4.4333,1254.5443,65.6129,13.7608,9.3477,5.0836,10.6406,2.3219
134.0000,4.4667,1255.5916,46.7455,11.2129,8.2282,9.4943,12.5637,1.1785
135.0000,4.5000,1259.5091,100.0023,9.0695,6.6539,4.0887,7.8097,5.3936
136.0000,4.5333,1262.3796,98.4165,8.9625,4.8187,-2.8377,5.5922,5.2239
137.0000,4.5667,1265.5121,123.2446,28.9790,3.3801,-12.9312,13.3657,8.1921
138.0000,4.6000,1270.4262,170.8343,32.1846,2.4819,-21.3746,21.5182,15.7403
139.0000,4.6333,1277.3566,317.5178,-18.2254,2.0236,-29.1090,29.1793,54.3748
140.0000,4.6667,1284.7691,108.1908,-60.0690,0.5241,-46.6124,46.6153,6.3131
141.0000,4.7000,1295.1593,0.0000,-40.8521,-0.0499,-50.0776,50.0777,0.0000
142.0000,4.7333,1229.6290,0.0000,-2.6806,0.3901,-44.7641,44.7658,0.0000
143.0000,4.7667,1136.8593,0.0000,-1.9537,1.5654,-36.1937,36.2276,0.0000
144.0000,4.8000,1070.6823,0.0000,17.3007,1.5882,-43.6985,43.7273,0.0000
145.0000,4.8333,1078.6015,4.2128,39.2888,1.8502,-41.8674,41.9082,0.0096
146.0000,4.8667,1080.8874,212.1058,22.0149,2.5733,-26.4118,26.5369,24.2643
147.0000,4.9000,1085.5017,105.5318,-18.4354,3.7618,-7.6145,8.4931,6.0066
148.0000,4.9333,1088.9566,85.3221,-22.7369,5.0152,-1.5508,5.2495,3.9263
149.0000,4.9667,1090.9867,35.6921,7.9037,5.7944,-4.8529,7.5581,0.6871
150.0000,5.0000,1091.9370,102.2361,6.1804,5.8649,-2.9300,6.5561,5.6373
151.0000,5.0333,1093.0045,112.3688,-16.5836,5.6239,1.1592,5.7421,6.8101
152.0000,5.0667,1103.0072,0.0000,-25.1861,4.8729,17.8315,18.4853,0.0000
153.0000,5.1000,1075.6395,0.0000,-7.7920,4.4640,0.6369,4.5092,0.0000
154.0000,5.1333,1013.9713,0.0000,-21.9911,2.8966,-34.9019,35.0219,0.0000
155.0000,5.1667,882.4112,0.0000,52.1704,2.4108,-67.9141,67.9568,0.0000
156.0000,5.2000,760.0347,0.0000,324.4691,2.6749,-50.2854,50.3565,0.0000
157.0000,5.2333,757.9957,1092.3653,395.6280,2.6864,-26.1207,26.2585,643.5728
158.0000,5.2667,851.7213,2044.5713,-13.1714,-0.1111,0.5410,0.5523,2254.5837
159.0000,5.3000,914.2109,1001.2790,-408.0494,-3.0044,9.5876,10.0473,540.7196
160.0000,5.3333,902.7972,5.0696,-294.0265,-4.7362,5.5708,7.3120,0.0139
161.0000,5.3667,904.6742,0.0000,-0.1392,-5.7606,-7.6263,9.5575,0.0000
162.0000,5.4000,908.4818,217.9210,62.0555,-6.7773,-15.9950,17.3716,25.6130
163.0000,5.4333,917.5162,213.3844,58.8717,-7.4186,-23.5986,24.7372,24.5577
164.0000,5.4667,928.4039,318.2070,201.5777,-8.0573,-35.6906,36.5888,54.6112
165.0000,5.5000,932.7572,910.9906,322.1540,-8.2010,-56.5097,57.1017,447.5996
166.0000,5.5333,981.9772,1694.0852,117.3714,-7.4621,-57.5259,58.0079,1547.8624
167.0000,5.5667,1052.7680,1572.3817,-257.7286,-5.8426,-24.3138,25.0060,1333.4534
168.0000,5.6000,1098.0966,470.1595,-371.6735,-4.2057,16.4117,16.9421,119.2209
169.0000,5.6333,1078.7373,0.0000,-161.5457,-3.0310,6.2849,6.9776,0.0000
170.0000,5.6667,1063.4896,0.0000,50.1184,-5.0993,-26.7217,27.2039,0.0000
171.0000,5.7000,1066.2555,215.1329,76.4258,-6.6098,-48.0249,48.4776,24.9618
172.0000,5.7333,1081.5769,329.7143,7.9077,-5.2094,-46.5252,46.8159,58.6324
173.0000,5.7667,1089.2928,211.3761,-50.6091,-1.0290,-39.4392,39.4527,24.0976
174.0000,5.8000,1093.5756,107.9656,-37.5410,1.4937,-24.4502,24.4957,6.2868
175.0000,5.8333,1096.2189,54.4225,-2.3203,2.8380,-12.8460,13.1558,1.5974
176.0000,5.8667,1098.9302,134.1472,-4.1939,3.3541,-12.3564,12.8036,9.7057
177.0000,5.9000,1097.8687,59.4612,-22.5306,2.9588,-7.9549,8.4873,1.9069
178.0000,5.9333,1109.2491,0.0000,-19.7152,2.9584,11.9452,12.3061,0.0000
179.0000,5.9667,1058.6492,0.0000,-2.3270,3.9962,-8.0822,9.0162,0.0000
180.0000,6.0000,965.8422,0.0000,1.3343,4.2122,-27.4384,27.7598,0.0000
181.0000,6.0333,914.4335,0.0000,0.0000,3.2862,-41.3583,41.4886,0.0000
182.0000,6.0667,921.7767,0.0000,0.0000,1.5909,-21.8010,21.8590,0.0000
183.0000,6.1000,918.9517,0.0000,-1.8857,0.3549,-17.7570,17.7605,0.0000
184.0000,6.1333,896.1374,0.0000,5.3726,-1.5203,3.6817,3.9832,0.0000
185.0000,6.1667,897.8682,0.0000,18.5068,-3.0929,15.6253,15.9284,0.0000
186.0000,6.2000,898.2607,84.0319,23.0459,-4.4801,15.1877,15.8347,3.8085
187.0000,6.2333,900.9559,96.7076,7.2259,-5.7845,4.5203,7.3412,5.0441
188.0000,6.2667,905.0581,122.3176,6.7148,-7.0018,-8.5690,11.0659,8.0694
189.0000,6.3000,909.8611,106.9838,81.8029,-7.8849,-19.5415,21.0723,6.1730
190.0000,6.3333,914.2082,361.1642,189.8055,-8.4487,-29.4564,30.6441,70.3512
191.0000,6.3667,925.8906,877.8034,180.3940,-8.7619,-41.0613,41.9857,415.5817
192.0000,6.4000,975.7905,1155.3117,17.6830,-9.0160,-51.0055,51.7962,719.8801
193.0000,6.4333,1009.8432,909.1074,-123.3248,-9.4744,-54.1782,55.0003,445.7510
194.0000,6.4667,1032.7990,586.1604,-136.1960,-9.5135,-49.6861,50.5887,185.3083
195.0000,6.5000,1045.3323,427.6491,-92.7135,-8.8302,-41.5427,42.4708,98.6364
196.0000,6.5333,1064.9483,261.9773,-60.5659,-6.9661,-39.0518,39.6683,37.0160
197.0000,6.5667,1063.2136,164.0991,-34.7143,-7.2549,-40.1757,40.8255,14.5236
198.0000,6.6000,1070.9847,145.6866,-26.3004,-6.3060,-44.3946,44.8403,11.4472
199.0000,6.6333,1078.0339,89.2341,-25.5539,-5.9758,-30.7076,31.2836,4.2946
200.0000,6.6667,1076.2153,4.2164,-6.2797,-4.5747,-26.8931,27.2794,0.0096
201.0000,6.7000,1075.8911,69.5388,-0.3132,-4.5195,-8.1382,9.3090,2.6081
202.0000,6.7333,1081.1252,79.3704,9.4563,-3.1237,-6.6761,7.3707,3.3977
203.0000,6.7667,1086.2108,47.3790,144.2952,-3.3370,4.1727,5.3429,1.2107
204.0000,6.8000,1082.3387,493.2518,357.1778,-3.6144,2.7219,4.5247,131.2198
205.0000,6.8333,1109.5925,1476.2389,322.8332,-3.2531,15.7893,16.1210,1175.3715
206.0000,6.8667,1182.2604,1959.9463,-76.9752,-0.5070,17.7090,17.7163,2071.8112
207.0000,6.9000,1252.6699,1200.5224,-402.5364,1.1173,18.7995,18.8327,777.3245
208.0000,6.9333,1264.9208,83.3654,-325.6622,0.3255,16.6897,16.6929,3.7483
209.0000,6.9667,1245.9859,0.0000,-58.3467,-3.1847,14.2449,14.5966,0.0000
210.0000,7.0000,1245.2419,16.1394,62.2688,-5.4582,7.4181,9.2098,0.1405
211.0000,7.0333,1252.1189,210.1404,29.8096,-6.3212,-1.3716,6.4683,23.8167
212.0000,7.0667,1260.1301,150.3715,-19.3167,-5.8850,-7.5787,9.5953,12.1953
213.0000,7.1000,1261.8406,94.5747,-41.0826,-4.9203,-8.2938,9.6435,4.8241
214.0000,7.1333,1264.1516,28.1271,29.0624,-4.5419,-14.5338,15.2270,0.4267
215.0000,7.1667,1269.4806,138.3283,206.8112,-4.4472,-27.3363,27.6957,10.3201
216.0000,7.2000,1267.9406,744.7101,346.5690,-4.4728,-39.2040,39.4583,299.1137
217.0000,7.2333,1312.4174,1584.0670,200.6223,-3.7164,-41.7436,41.9087,1353.3463
218.0000,7.2667,1380.1086,1669.3537,-162.9430,-4.2363,-45.3135,45.5111,1502.9986
219.0000,7.3000,1432.6953,853.4511,-359.9084,-4.6576,-47.1166,47.3463,392.8431
220.0000,7.3333,1432.7455,112.4984,-237.3708,-3.9483,-43.2314,43.4113,6.8258
221.0000,7.3667,1432.1669,0.0000,-40.2080,-3.0513,-30.3692,30.5221,0.0000
222.0000,7.4000,1434.0559,68.1444,21.1475,-3.8116,-17.0176,17.4392,2.5045
223.0000,7.4333,1437.1851,67.6018,-5.0037,-4.6765,-8.2529,9.4858,2.4648
224.0000,7.4667,1439.0536,22.0676,-15.8255,-4.2984,-6.3466,7.6652,0.2626
225.0000,7.5000,1438.3810,0.0000,1.5782,-4.3902,-12.7864,13.5191,0.0000
226.0000,7.5333,1438.3409,28.3007,27.2140,-4.8774,-11.3468,12.3507,0.4320
227.0000,7.5667,1440.1160,95.1867,18.4820,-5.2317,0.4713,5.2529,4.8867
228.0000,7.6000,1444.7419,149.7097,-33.4692,-5.4724,14.2713,15.2846,12.0882
229.0000,7.6333,1449.4930,0.0000,-0.5335,-5.3055,21.7761,22.4131,0.0000
230.0000,7.6667,1452.1412,7.8416,228.0723,-6.0324,23.0524,23.8286,0.0332
231.0000,7.7000,1439.6548,775.0884,420.4383,-8.3877,21.5871,23.1594,324.0144
232.0000,7.7333,1495.8348,1825.8939,219.8816,-12.4390,14.5072,19.1099,1798.0962
233.0000,7.7667,1572.8003,1803.5074,-229.0579,-15.3058,13.1847,20.2016,1754.2752
234.0000,7.8000,1626.4151,747.9345,-414.4999,-17.2229,9.6992,19.7662,301.7095
235.0000,7.8333,1614.0858,17.8284,-243.4825,-16.6413,6.1378,17.7371,0.1714
236.0000,7.8667,1617.6729,0.0000,-3.8742,-14.4020,-0.1492,14.4027,0.0000
237.0000,7.9000,1620.5168,38.5027,214.9460,-12.2190,-7.0695,14.1167,0.7995
238.0000,7.9333,1614.5522,630.0514,388.5489,-12.1488,-22.8812,25.9064,214.0986
239.0000,7.9667,1652.7414,1642.4509,259.6549,-12.0380,-41.4578,43.1701,1454.9453
240.0000,8.0000,1730.2869,1868.0473,-171.5541,-12.3925,-43.2395,44.9803,1882.0778
241.0000,8.0333,1789.3330,867.9518,-420.1552,-12.2613,-30.8642,33.2105,406.3059
242.0000,8.0667,1787.0405,0.0000,-232.4402,-11.9883,-24.7094,27.4640,0.0000
243.0000,8.1000,1768.1548,0.0000,19.0352,-11.4576,-27.2594,29.5694,0.0000
244.0000,8.1333,1779.4896,330.1358,28.8689,-12.9540,-12.9479,18.3154,58.7824
245.0000,8.1667,1793.4745,62.7815,-49.3882,-14.3765,13.7522,19.8949,2.1258
246.0000,8.2000,1795.3975,0.0000,-41.6454,-12.8161,11.5139,17.2285,0.0000
247.0000,8.2333,1734.7865,0.0000,12.2544,-10.5743,9.3069,14.0867,0.0000
248.0000,8.2667,1710.7896,0.0000,18.8778,-9.7880,3.2595,10.3165,0.0000
249.0000,8.3000,1735.1401,116.7716,0.0000,-9.6740,0.6979,9.6991,7.3542
250.0000,8.3333,1737.2324,0.0000,-25.1396,-9.2213,-3.5383,9.8769,0.0000
251.0000,8.3667,1669.6450,0.0000,8.6336,-10.1965,15.9302,18.9140,0.0000
252.0000,8.4000,1620.2943,0.0000,100.0153,-12.1709,1.8958,12.3177,0.0000
253.0000,8.4333,1629.2574,341.8295,77.1684,-14.8217,-23.5735,27.8459,63.0204
254.0000,8.4667,1650.2742,515.4893,-51.0519,-18.3084,-29.4769,34.7000,143.3181
255.0000,8.5000,1664.5848,0.5727,-107.7996,-18.9034,-24.4487,30.9043,0.0002
256.0000,8.5333,1650.9902,0.0000,-39.8226,-18.2348,-25.4058,31.2724,0.0000
257.0000,8.5667,1627.0079,0.0000,11.8067,-18.6903,-20.7128,27.8989,0.0000
258.0000,8.6000,1615.6236,0.0000,12.0538,-21.1033,-5.5529,21.8216,0.0000
259.0000,8.6333,1619.6929,50.6828,53.4784,-21.9164,-5.6020,22.6210,1.3854
260.0000,8.6667,1620.9019,189.7825,144.9924,-22.0273,-11.3627,24.7853,19.4256
261.0000,8.7000,1629.3162,560.4283,236.5679,-21.3257,-27.1155,34.4969,169.3955
262.0000,8.7333,1655.9925,1123.7509,207.8313,-20.5781,-37.8893,43.1168,681.0861
263.0000,8.7667,1705.0308,1431.9568,22.0959,-20.0339,-41.0208,45.6515,1105.9149
264.0000,8.8000,1755.0240,1209.2869,-180.3359,-20.4891,-37.2702,42.5308,788.7158
265.0000,8.8333,1786.9166,677.2224,-244.3193,-21.5187,-24.9695,32.9625,247.3572
266.0000,8.8667,1797.7692,242.5294,-171.6871,-22.2244,-3.6660,22.5247,31.7242
267.0000,8.9000,1801.7719,40.3576,-69.9333,-22.1936,10.8334,24.6965,0.8784
268.0000,8.9333,1801.1963,0.0000,-17.2002,-21.7799,4.8721,22.3182,0.0000
269.0000,8.9667,1800.1214,0.0000,-2.4789,-21.5509,-9.5194,23.5597,0.0000
270.0000,9.0000,1799.3013,0.0000,100.7208,-21.5599,-18.3352,28.3021,0.0000
271.0000,9.0333,1796.5631,204.5523,236.7550,-22.2541,-19.9870,29.9119,22.5668
272.0000,9.0667,1794.6744,1009.7772,112.2202,-24.3343,-5.9416,25.0492,549.9371
273.0000,9.1000,1868.3670,954.6888,-186.8146,-26.1996,13.3291,29.3953,491.5702
274.0000,9.1333,1884.2364,0.0000,-204.2004,-25.4271,22.6477,34.0507,0.0000
275.0000,9.1667,1833.1718,0.0000,200.9289,-24.3786,16.9218,29.6760,0.0000
276.0000,9.2000,1800.2804,775.0334,440.4423,-26.9363,13.9032,30.3128,323.9684
277.0000,9.2333,1892.6950,2000.8451,121.0491,-29.7646,12.8425,32.4170,2159.1797
278.0000,9.2667,1962.2693,1407.2217,-326.1544,-29.8847,7.2313,30.7471,1068.0386
279.0000,9.3000,1974.5163,294.9425,-367.1830,-28.9631,1.2741,28.9911,46.9177
280.0000,9.3333,1973.3275,0.0000,-118.8917,-29.1572,-0.5047,29.1616,0.0000
281.0000,9.3667,1976.3296,61.7271,-3.2510,-29.3756,-3.0797,29.5366,2.0550
282.0000,9.4000,1979.1403,0.0000,51.8743,-29.6581,-12.4537,32.1667,0.0000
283.0000,9.4333,1981.0190,115.4045,232.9406,-30.0688,-26.3375,39.9724,7.1830
284.0000,9.4667,1979.0224,833.9449,363.7154,-29.7257,-37.0895,47.5315,375.0909
285.0000,9.5000,2030.8367,1676.8784,178.9301,-29.1322,-41.6340,50.8141,1516.5789
286.0000,9.5333,2100.8110,1639.6173,-181.6702,-28.4705,-45.5651,53.7285,1449.9294
287.0000,9.5667,2146.5063,821.6327,-341.5871,-28.2487,-44.3676,52.5973,364.0972
288.0000,9.6000,2148.7743,222.3319,-209.4680,-28.9517,-39.8517,49.2581,26.6603
289.0000,9.6333,2155.8989,63.1549,-46.6901,-29.5221,-36.3854,46.8556,2.1512
290.0000,9.6667,2159.9788,152.7565,-9.8420,-29.5429,-30.3542,42.3575,12.5852
291.0000,9.7000,2157.2007,7.5201,-23.5320,-28.6513,-24.8761,37.9436,0.0305
292.0000,9.7333,2169.1651,0.0000,-13.4192,-28.1789,-26.3447,38.5758,0.0000
293.0000,9.7667,2117.9378,0.0000,2.7528,-26.0857,-46.1031,52.9713,0.0000
294.0000,9.8000,2052.3232,0.0000,-0.9772,-25.0502,-37.1723,44.8251,0.0000
295.0000,9.8333,1987.8090,0.0000,4.5839,-24.0901,-25.1327,34.8136,0.0000
296.0000,9.8667,1985.1033,0.0000,7.1694,-24.2388,-28.1556,37.1518,0.0000
297.0000,9.9000,1976.5636,51.0689,-7.8953,-23.0745,-35.6438,42.4607,1.4066
298.0000,9.9333,1983.9346,0.0000,8.3944,-22.6488,-18.6997,29.3709,0.0000
299.0000,9.9667,1981.2473,20.9659,131.9926,-21.6111,-2.7651,21.7872,0.2371
300.0000,10.0000,1978.5648,435.7062,280.6032,-20.5127,-7.4612,21.8275,102.3881
301.0000,10.0333,2007.9055,1168.0559,246.0908,-18.5823,-21.1710,28.1694,735.8497
302.0000,10.0667,2058.3658,1490.6181,8.0774,-16.6323,-28.6976,33.1690,1198.3802
303.0000,10.1000,2113.1268,1156.1805,-206.6786,-14.9633,-25.4737,29.5433,720.9632
304.0000,10.1333,2134.9709,606.9661,-228.2454,-13.7685,-13.7341,19.4473,198.6967
305.0000,10.1667,2148.9774,266.8786,-138.5971,-12.3499,-12.3574,17.4707,38.4140
306.0000,10.2000,2154.3016,150.2828,-62.1511,-10.6891,-11.7906,15.9146,12.1809
307.0000,10.2333,2158.5678,49.4222,35.4192,-8.1897,-13.6824,15.9461,1.3174
308.0000,10.2667,2161.4290,195.3856,215.2627,-6.4334,2.9416,7.0740,20.5896
309.0000,10.3000,2166.0089,829.8109,330.2649,-4.6622,-2.1043,5.1151,371.3813
310.0000,10.3333,2212.1733,1580.9827,171.5050,-3.0575,-11.6375,12.0324,1348.0814
311.0000,10.3667,2278.1046,1599.4359,-156.7537,-1.1315,-13.8049,13.8512,1379.7346
312.0000,10.4000,2325.3356,869.9291,-323.3192,0.1657,8.7717,8.7732,408.1592
313.0000,10.4333,2331.8458,235.5874,-224.0006,1.6149,11.6086,11.7204,29.9341
314.0000,10.4667,2335.1867,63.6100,-62.2699,2.5273,5.3748,5.9393,2.1823
315.0000,10.5000,2339.7263,76.1924,14.8093,2.8731,3.6447,4.6410,3.1310
316.0000,10.5333,2341.0997,94.7735,42.4810,3.5681,-1.4002,3.8330,4.8444
317.0000,10.5667,2344.2227,211.1369,47.9970,4.8170,-10.6153,11.6571,24.0431
318.0000,10.6000,2355.0021,319.9295,10.3771,5.1152,-27.9305,28.3950,55.2040
319.0000,10.6333,2367.3708,267.3975,-17.7581,4.3835,-36.5484,36.8103,38.5635
320.0000,10.6667,2374.2298,190.5609,36.5315,3.7897,-39.8054,39.9853,19.5853
321.0000,10.7000,2377.7331,371.9749,106.0485,4.7125,-35.7962,36.1050,74.6258
322.0000,10.7333,2395.3502,667.0282,62.5454,6.9589,-33.8657,34.5733,239.9663
323.0000,10.7667,2426.4832,668.7486,-60.0243,9.2106,-40.3181,41.3568,241.2057
324.0000,10.8000,2442.9405,375.9011,-107.1159,8.7410,-45.3902,46.2242,76.2095
325.0000,10.8333,2448.4142,200.0164,-46.9368,6.3173,-45.9178,46.3503,21.5771
326.0000,10.8667,2454.0849,236.7653,19.3399,4.3725,-41.7882,42.0163,30.2342
327.0000,10.9000,2466.5115,299.4879,35.2765,4.7004,-45.4570,45.6993,48.3749
328.0000,10.9333,2474.1914,354.0775,19.2657,6.1265,-45.4733,45.8841,67.6174
329.0000,10.9667,2487.9844,382.7474,-11.5768,7.5695,-41.7896,42.4696,79.0108
330.0000,11.0000,2502.3294,316.8676,-36.0343,7.9236,-35.8936,36.7578,54.1524
331.0000,11.0333,2509.1516,216.9451,-48.1692,7.7712,-37.4890,38.2860,25.3841
332.0000,11.0667,2514.5397,174.4311,-37.5433,6.3369,-24.4127,25.2218,16.4100
333.0000,11.1000,2522.5668,81.3629,84.3115,4.5331,-7.6162,8.8632,3.5704
334.0000,11.1333,2525.1879,345.5459,310.1154,2.8715,11.5471,11.8988,64.3981
335.0000,11.1667,2533.1842,1266.6358,334.7656,2.6316,16.3216,16.5324,865.2974
336.0000,11.2000,2606.1652,1899.1897,-32.2453,0.4064,3.6683,3.6908,1945.3536
337.0000,11.2333,2677.6783,1198.0072,-387.6757,-0.3863,-4.4298,4.4466,774.0708
338.0000,11.2667,2689.6733,80.3460,-288.6885,0.5937,-2.3558,2.4295,3.4817
339.0000,11.3000,2666.6552,0.0000,9.1357,2.4350,5.9453,6.4246,0.0000
340.0000,11.3333,2684.0095,429.5178,54.9376,1.3899,-5.7217,5.8881,99.5003
341.0000,11.3667,2708.5826,266.1712,-22.4987,0.1171,-22.0849,22.0852,38.2106
342.0000,11.4000,2707.6006,92.5402,86.2827,-0.4640,-29.0833,29.0870,4.6187
343.0000,11.4333,2694.8337,573.0551,219.8838,-0.1594,-34.2454,34.2458,177.1147
344.0000,11.4667,2752.6394,1128.6669,102.7444,0.2104,-32.9994,33.0001,687.0581
345.0000,11.5000,2777.5403,997.4417,-148.8926,-0.9978,-36.7239,36.7374,536.5830
346.0000,11.5333,2814.3899,463.3455,-237.6665,-2.1072,-33.3624,33.4289,115.7902
347.0000,11.5667,2809.2652,0.0000,-154.6370,-3.9774,-34.1716,34.4023,0.0000
348.0000,11.6000,2801.2083,0.0000,43.7315,-5.3075,-29.0727,29.5532,0.0000
349.0000,11.6333,2740.2284,0.0000,237.3107,-6.7155,-29.8365,30.5829,0.0000
350.0000,11.6667,2755.2213,941.0768,143.5475,-6.2446,-32.3953,32.9917,477.6525
351.0000,11.7000,2823.6262,959.5447,-140.7848,-6.0377,-38.0297,38.5060,496.5835
352.0000,11.7333,2835.0423,0.0000,-228.0184,-5.0744,-37.6490,37.9894,0.0000
353.0000,11.7667,2768.6376,0.0000,-72.6676,-5.9052,-19.3172,20.1996,0.0000
354.0000,11.8000,2700.6721,0.0000,34.7181,-7.8823,1.8112,8.0877,0.0000
355.0000,11.8333,2683.6193,0.0000,94.1645,-9.8472,13.5012,16.7108,0.0000
356.0000,11.8667,2690.3609,341.2117,195.6011,-9.5936,7.9519,12.4607,62.7928
357.0000,11.9000,2705.4150,777.2370,217.9145,-9.4682,-9.3368,13.2975,325.8133
358.0000,11.9333,2735.7844,1187.4034,98.4037,-9.8584,-28.9161,30.5505,760.4286
359.0000,11.9667,2789.0045,1214.5448,-93.1449,-11.5295,-41.9984,43.5522,795.5893
360.0000,12.0000,2820.5184,788.4510,-223.0919,-12.8974,-35.4572,37.7300,335.2828
361.0000,12.0333,2837.9768,319.1418,-200.3240,-12.7427,-29.7997,32.4099,54.9325
362.0000,12.0667,2840.8558,0.0000,-91.2604,-11.8158,-25.5195,28.1222,0.0000
363.0000,12.1000,2838.9428,0.0000,-10.9533,-13.2867,-28.4660,31.4142,0.0000
364.0000,12.1333,2822.8985,0.0000,7.1615,-17.1370,-26.7882,31.8007,0.0000
365.0000,12.1667,2820.5267,0.0000,0.0000,-19.3475,-18.9361,27.0721,0.0000
366.0000,12.2000,2751.1415,0.0000,0.0000,-18.4681,-18.4707,26.1197,0.0000
367.0000,12.2333,2726.5200,0.0000,0.0000,-16.3124,-32.1103,36.0162,0.0000
368.0000,12.2667,2700.9177,0.0000,-2.3225,-16.4940,-27.3266,31.9186,0.0000
369.0000,12.3000,2714.1515,0.0000,5.3896,-18.5211,-11.5384,21.8213,0.0000
370.0000,12.3333,2676.8564,0.0000,27.3308,-20.9577,2.9657,21.1665,0.0000
371.0000,12.3667,2695.8767,103.4969,29.7957,-21.9281,-0.4800,21.9333,5.7772
372.0000,12.4000,2699.0231,173.8097,34.6744,-21.9800,2.9746,22.1803,16.2933
373.0000,12.4333,2699.4793,167.2638,93.7276,-21.0273,-2.0433,21.1263,15.0892
374.0000,12.4667,2709.5096,499.9876,169.3370,-19.7224,-18.3883,26.9649,134.8280
375.0000,12.5000,2733.5967,879.8563,154.9937,-19.1766,-38.9216,43.3893,417.5277
376.0000,12.5333,2767.5522,1103.1393,34.2147,-19.7099,-46.9469,50.9166,656.3305
377.0000,12.5667,2808.5627,1025.2020,-89.8803,-20.6780,-39.0396,44.1777,566.8665
378.0000,12.6000,2837.9744,719.5296,-132.4372,-21.2116,-29.8360,36.6077,279.2282
379.0000,12.6333,2855.1144,489.6789,-96.5300,-21.1066,-23.7767,31.7934,129.3256
380.0000,12.6667,2867.6822,387.2496,-35.2674,-20.1022,-19.3903,27.9299,80.8805
381.0000,12.7000,2884.8269,347.9943,25.5764,-19.8780,-10.7657,22.6061,65.3140
382.0000,12.7333,2889.7998,480.8135,90.5767,-20.0031,-2.5154,20.1606,124.6853
383.0000,12.7667,2912.7542,697.4093,140.0738,-21.8374,-4.2920,22.2552,262.3236
384.0000,12.8000,2945.3223,1034.4402,179.0516,-24.9967,-13.2298,28.2818,577.1287
