Frame,Time_s,Theta_continuous_deg,Angular_Displacement_deg,Omega_deg_s,Omega_rad_s,Alpha_rad_s2,CoM_X_clean_cm,CoM_Z_clean_cm,CoM_Radius_cm,Rotational_KE_J
0.0000,0.0000,0.0000,0.0000,0.0000,0.0000,0.7407,30.7121,0.0000,30.7121,0.0000
1.0000,0.0333,-1.8332,-1.8332,2.5727,0.0449,14.0320,28.4302,-0.9099,28.4447,0.0036
2.0000,0.0667,-1.6465,-1.6465,47.4908,0.8289,23.8468,26.3576,-0.7576,26.3684,1.2264
3.0000,0.1000,0.5602,0.5602,98.7710,1.7239,30.1852,24.4820,0.2394,24.4832,5.3049
4.0000,0.1333,4.7867,4.7867,161.3567,2.8162,33.6069,22.7095,1.9017,22.7890,14.1578
5.0000,0.1667,11.0332,11.0332,224.9713,3.9265,32.4915,20.8924,4.0737,21.2859,27.5217
6.0000,0.2000,19.5043,19.5043,285.7991,4.9881,27.1591,18.8276,6.6688,19.9738,44.4164
7.0000,0.2333,30.1840,30.1840,332.8132,5.8087,16.6897,16.2966,9.4787,18.8527,60.2314
8.0000,0.2667,42.2951,42.2951,353.1209,6.1631,2.8333,11.9914,10.9094,16.2114,67.8060
9.0000,0.3000,54.8231,54.8231,342.9323,5.9853,-11.4664,8.5865,12.1826,14.9045,63.9497
10.0000,0.3333,66.7534,66.7534,307.2037,5.3617,-22.4635,5.8901,13.7118,14.9233,51.3186
11.0000,0.3667,77.0713,77.0713,254.6544,4.4446,-27.8547,3.6035,15.6977,16.1060,35.2634
12.0000,0.4000,84.7622,84.7622,198.1037,3.4576,-27.2985,1.6547,18.0497,18.1254,21.3406
13.0000,0.4333,88.8114,88.8114,148.8424,2.5978,-21.8423,0.4281,20.6353,20.6397,12.0469
14.0000,0.4667,91.6373,91.6373,114.1612,1.9925,-13.6431,-0.6757,23.6404,23.6500,7.0869
15.0000,0.5000,94.4347,94.4347,96.9832,1.6927,-5.3622,-2.1056,27.1498,27.2313,5.1146
16.0000,0.5333,98.2645,98.2645,95.2674,1.6627,0.7601,-4.5935,31.6243,31.9561,4.9353
17.0000,0.5667,102.0943,102.0943,102.4868,1.7887,3.5928,-7.4302,34.6756,35.4628,5.7116
18.0000,0.6000,105.9242,105.9242,111.0735,1.9386,3.5277,-10.3797,36.3799,37.8317,6.7088
19.0000,0.6333,109.7540,109.7540,115.9618,2.0239,2.0225,-13.1384,36.5855,38.8731,7.3123
20.0000,0.6667,113.5839,113.5839,116.9529,2.0412,0.5027,-15.4465,35.3828,38.6075,7.4378
21.0000,0.7000,117.4137,117.4137,116.4598,2.0326,-0.4101,-17.1372,33.0417,37.2215,7.3752
22.0000,0.7333,121.2436,121.2436,115.5829,2.0173,-0.8918,-18.3889,30.3116,35.4534,7.2646
23.0000,0.7667,125.0734,125.0734,113.9900,1.9895,-1.2199,-19.6392,27.9713,34.1774,7.0657
24.0000,0.8000,128.9033,128.9033,111.3950,1.9442,-1.1873,-20.1818,25.0086,32.1362,6.7477
25.0000,0.8333,132.7331,132.7331,108.7894,1.8987,-0.3644,-20.1479,21.8087,29.6910,6.4357
26.0000,0.8667,136.5630,136.5630,108.9105,1.9008,1.3711,-19.4700,18.4357,26.8134,6.4500
27.0000,0.9000,140.3928,140.3928,113.7678,1.9856,3.7422,-18.2580,15.1082,23.6983,7.0382
28.0000,0.9333,143.2730,143.2730,123.4442,2.1545,6.1653,-16.9664,12.6588,21.1685,8.2864
29.0000,0.9667,147.3403,147.3403,137.0084,2.3912,7.8189,-16.1092,10.3259,19.1345,10.2074
30.0000,1.0000,152.3308,152.3308,153.2740,2.6751,7.9136,-15.9014,8.3376,17.9547,12.7749
31.0000,1.0333,157.9808,157.9808,168.6622,2.9437,6.0073,-14.4996,5.8639,15.6404,15.4688
32.0000,1.0667,164.0264,164.0264,177.8659,3.1043,2.2638,-12.5136,3.5820,13.0162,17.2031
33.0000,1.1000,170.2040,170.2040,177.8659,3.1043,-2.2638,-10.3719,1.7908,10.5254,17.2031
34.0000,1.1333,176.2497,176.2497,168.6622,2.9437,-6.0073,-9.4978,0.6226,9.5182,15.4688
35.0000,1.1667,181.8996,181.8996,153.2740,2.6751,-7.9136,-9.7991,-0.3250,9.8045,12.7749
36.0000,1.2000,186.8901,186.8901,137.0084,2.3912,-7.8189,-11.1482,-1.3471,11.2293,10.2074
37.0000,1.2333,190.9574,190.9574,123.4442,2.1545,-6.1653,-12.9103,-2.4996,13.1501,8.2864
38.0000,1.2667,193.8376,193.8376,113.7678,1.9856,-3.7453,-14.6306,-3.6038,15.0679,7.0382
39.0000,1.3000,197.6675,197.6675,108.9105,1.9008,-1.3671,-17.4980,-5.5734,18.3642,6.4500
40.0000,1.3333,201.4973,201.4973,108.7894,1.8987,0.3980,-20.7799,-8.1843,22.3335,6.4357
41.0000,1.3667,205.3271,205.3271,111.3950,1.9442,1.2144,-24.6755,-11.6784,27.2995,6.7477
42.0000,1.4000,209.1570,209.1570,114.1138,1.9917,1.0973,-28.7494,-16.0392,32.9209,7.0811
43.0000,1.4333,212.9868,212.9868,115.6105,2.0178,0.5120,-31.5694,-20.4911,37.6366,7.2680
44.0000,1.4667,216.8167,216.8167,115.6504,2.0185,0.0153,-32.1839,-24.0912,40.2019,7.2730
45.0000,1.5000,220.6465,220.6465,115.0092,2.0073,-0.1727,-31.5353,-27.0734,41.5625,7.1926
46.0000,1.5333,224.4764,224.4764,114.7815,2.0033,-0.1272,-29.2907,-28.7601,41.0498,7.1642
47.0000,1.5667,228.3062,228.3062,114.8954,2.0053,-0.0161,-26.0564,-29.2515,39.1738,7.1784
48.0000,1.6000,232.1361,232.1361,114.8954,2.0053,0.0259,-22.6533,-29.1373,36.9074,7.1784
49.0000,1.6333,235.9659,235.9659,114.8954,2.0053,0.0071,-18.8405,-27.8964,33.6626,7.1784
50.0000,1.6667,239.7958,239.7958,114.8954,2.0053,-0.0028,-14.9461,-25.6757,29.7091,7.1784
51.0000,1.7000,243.6256,243.6256,114.8954,2.0053,-0.0000,-11.5447,-23.2827,25.9877,7.1784
52.0000,1.7333,247.4555,247.4555,114.8954,2.0053,-0.0000,-8.5712,-20.6473,22.3557,7.1784
53.0000,1.7667,251.2853,251.2853,114.8954,2.0053,0.0027,-6.5112,-19.2202,20.2931,7.1784
54.0000,1.8000,255.1151,255.1151,114.8954,2.0053,-0.0037,-4.8955,-18.4182,19.0577,7.1784
55.0000,1.8333,258.9450,258.9450,114.8954,2.0053,-0.0314,-3.7117,-18.9976,19.3568,7.1784
56.0000,1.8667,262.7748,262.7748,114.8954,2.0053,-0.0159,-2.5610,-20.2012,20.3629,7.1784
57.0000,1.9000,266.6047,266.6047,114.7863,2.0034,0.1298,-1.2417,-20.9298,20.9666,7.1648
58.0000,1.9333,270.4345,270.4345,114.8810,2.0051,0.3152,0.1638,-21.5950,21.5956,7.1766
59.0000,1.9667,274.2644,274.2644,115.6984,2.0193,0.2255,1.7307,-23.2108,23.2752,7.2791
60.0000,2.0000,278.0942,278.0942,116.4609,2.0326,-0.4617,3.3747,-23.7290,23.9678,7.3753
61.0000,2.0333,281.9241,281.9241,115.2226,2.0110,-1.6678,4.9501,-23.4410,23.9580,7.2193
62.0000,2.0667,285.7539,285.7539,110.8314,1.9344,-2.6010,6.3722,-22.5884,23.4700,6.6796
63.0000,2.1000,289.5838,289.5838,104.6606,1.8267,-2.0666,7.6169,-21.4100,22.7245,5.9565
64.0000,2.1333,293.4136,293.4136,101.0728,1.7641,0.6824,8.5515,-19.7486,21.5206,5.5551
65.0000,2.1667,297.2435,297.2435,105.5557,1.8423,5.4086,9.3723,-18.2025,20.4737,6.0588
66.0000,2.2000,300.1633,300.1633,121.3097,2.1173,10.9967,9.7995,-16.8621,19.5028,8.0023
67.0000,2.2333,303.1910,303.1910,147.6725,2.5774,15.7423,9.8983,-15.1314,18.0813,11.8583
68.0000,2.2667,308.0243,308.0243,181.4718,3.1673,17.7299,10.5517,-13.4938,17.1295,17.9077
69.0000,2.3000,315.0972,315.0972,216.7800,3.7835,15.4653,12.1709,-12.1297,17.1832,25.5541
70.0000,2.3333,323.6643,323.6643,243.7966,4.2551,8.5965,14.4619,-10.6372,17.9526,32.3204
71.0000,2.3667,332.6742,332.6742,252.5915,4.4086,-1.4645,17.2906,-8.9342,19.4624,34.6944
72.0000,2.4000,341.5757,341.5757,238.6942,4.1660,-11.6200,20.5223,-6.8366,21.6311,30.9817
73.0000,2.4333,349.5657,349.5657,205.6915,3.5900,-18.5065,23.3846,-4.3063,23.7778,23.0067
74.0000,2.4667,356.1509,356.1509,164.0717,2.8636,-20.2764,25.4052,-1.7093,25.4626,14.6382
75.0000,2.5000,360.8408,360.8408,125.7487,2.1947,-17.2037,26.9318,0.3952,26.9347,8.5986
76.0000,2.5333,363.1476,363.1476,98.2677,1.7151,-11.0825,27.6890,1.5226,27.7308,5.2510
77.0000,2.5667,364.8868,364.8868,84.1106,1.4680,-4.2325,28.0007,2.3940,28.1029,3.8470
78.0000,2.6000,367.5224,367.5224,82.7107,1.4436,1.3649,27.6084,3.6457,27.8481,3.7200
79.0000,2.6333,371.0099,371.0099,90.6736,1.5826,4.5224,26.8650,5.2269,27.3687,4.4708
80.0000,2.6667,374.7717,374.7717,101.9349,1.7791,4.9766,25.5448,6.7357,26.4179,5.6503
81.0000,2.7000,378.5005,378.5005,110.8248,1.9343,3.4400,23.4944,7.8614,24.7747,6.6787
82.0000,2.7333,382.3257,382.3257,114.7389,2.0026,1.2963,22.0273,9.0456,23.8123,7.1588
83.0000,2.7667,386.0297,386.0297,114.3817,1.9963,-0.2383,20.8093,10.1627,23.1583,7.1143
84.0000,2.8000,389.7337,389.7337,112.4928,1.9634,-0.7561,19.7868,11.3016,22.7870,6.8813
85.0000,2.8333,393.4377,393.4377,111.2567,1.9418,-0.5626,19.2625,12.7195,23.0831,6.7309
86.0000,2.8667,397.1417,397.1417,110.9412,1.9363,-0.1911,18.5862,14.0779,23.3159,6.6928
87.0000,2.9000,400.8456,400.8456,110.9745,1.9369,0.0211,17.5740,15.1940,23.2315,6.6968
88.0000,2.9333,404.5496,404.5496,111.0428,1.9381,0.0552,16.1904,15.9378,22.7188,6.7051
89.0000,2.9667,408.2536,408.2536,111.1115,1.9393,0.0291,15.7142,17.6085,23.6007,6.7134
90.0000,3.0000,411.9576,411.9576,111.1340,1.9397,0.0090,14.9053,19.0489,24.1873,6.7161
91.0000,3.0333,415.6616,415.6616,111.1194,1.9394,-0.0007,14.1038,20.6456,25.0031,6.7143
92.0000,3.0667,419.3656,419.3656,111.1194,1.9394,-0.0031,12.9455,21.8597,25.4054,6.7143
93.0000,3.1000,423.0695,423.0695,111.1194,1.9394,-0.0007,11.5121,22.6617,25.4181,6.7143
94.0000,3.1333,426.7735,426.7735,111.1194,1.9394,0.0004,9.8850,23.0340,25.0655,6.7143
95.0000,3.1667,430.4775,430.4775,111.1194,1.9394,0.0000,8.1789,23.0678,24.4748,6.7143
96.0000,3.2000,434.1815,434.1815,111.1194,1.9394,0.0000,6.4776,22.8631,23.7630,6.7143
97.0000,3.2333,437.8855,437.8855,111.1194,1.9394,0.0000,4.8450,22.5718,23.0859,6.7143
98.0000,3.2667,441.5894,441.5894,111.1194,1.9394,-0.0000,3.3315,22.5322,22.7771,6.7143
99.0000,3.3000,445.2934,445.2934,111.1194,1.9394,-0.0000,1.8211,22.1193,22.1941,6.7143
100.0000,3.3333,448.9974,448.9974,111.1194,1.9394,-0.0000,0.3560,20.3401,20.3432,6.7143
101.0000,3.3667,452.7014,452.7014,111.1194,1.9394,0.0000,-0.8859,18.7755,18.7964,6.7143
102.0000,3.4000,456.4054,456.4054,111.1194,1.9394,0.0000,-2.0120,17.9219,18.0344,6.7143
103.0000,3.4333,460.1093,460.1093,111.1194,1.9394,0.0000,-3.2669,18.3232,18.6122,6.7143
104.0000,3.4667,463.8133,463.8133,111.1194,1.9394,0.0000,-4.6476,18.9028,19.4658,6.7143
105.0000,3.5000,467.5173,467.5173,111.1194,1.9394,-0.0000,-6.3882,20.2393,21.2236,6.7143
106.0000,3.5333,471.2213,471.2213,111.1194,1.9394,-0.0000,-8.3779,21.5758,23.1454,6.7143
107.0000,3.5667,474.9253,474.9253,111.1194,1.9394,-0.0000,-10.6876,22.9980,25.3601,6.7143
108.0000,3.6000,478.6292,478.6292,111.1194,1.9394,0.0000,-13.3004,24.3651,27.7589,6.7143
109.0000,3.6333,482.3332,482.3332,111.1194,1.9394,0.0000,-16.2447,25.6637,30.3729,6.7143
110.0000,3.6667,486.0372,486.0372,111.1194,1.9394,0.0000,-19.2307,26.4327,32.6880,6.7143
111.0000,3.7000,489.7412,489.7412,111.1194,1.9394,0.0000,-22.1692,26.6639,34.6761,6.7143
112.0000,3.7333,493.4452,493.4452,111.1194,1.9394,-0.0000,-25.0099,26.4055,36.3696,6.7143
113.0000,3.7667,497.1492,497.1492,111.1194,1.9394,-0.0000,-26.5523,24.6315,36.2178,6.7143
114.0000,3.8000,500.8531,500.8531,111.1194,1.9394,-0.0000,-26.9751,21.9587,34.7828,6.7143
115.0000,3.8333,504.5571,504.5571,111.1194,1.9394,-0.0000,-27.1267,19.3085,33.2968,6.7143
116.0000,3.8667,508.2611,508.2611,111.1194,1.9394,-0.0000,-26.5774,16.4395,31.2509,6.7143
117.0000,3.9000,511.9651,511.9651,111.1194,1.9394,-0.0000,-24.9660,13.2942,28.2850,6.7143
118.0000,3.9333,515.6691,515.6691,111.1194,1.9394,0.0000,-23.3714,10.5678,25.6496,6.7143
119.0000,3.9667,519.3730,519.3730,111.1194,1.9394,0.0000,-21.4965,8.0916,22.9690,6.7143
120.0000,4.0000,523.0770,523.0770,111.1194,1.9394,0.0000,-19.5569,5.9504,20.4421,6.7143
121.0000,4.0333,526.7810,526.7810,111.1194,1.9394,0.0000,-17.7203,4.1624,18.2026,6.7143
122.0000,4.0667,530.4850,530.4850,111.1194,1.9394,0.0000,-14.5859,2.4448,14.7894,6.7143
123.0000,4.1000,534.1890,534.1890,111.1194,1.9394,0.0000,-13.3519,1.3588,13.4209,6.7143
124.0000,4.1333,537.8929,537.8929,111.1194,1.9394,0.0000,-13.9830,0.5145,13.9925,6.7143
125.0000,4.1667,541.5969,541.5969,111.1194,1.9394,-0.0000,-15.5237,-0.4328,15.5298,6.7143
126.0000,4.2000,545.3009,545.3009,111.1194,1.9394,-0.0000,-17.9078,-1.6615,17.9847,6.7143
127.0000,4.2333,549.0049,549.0049,111.1194,1.9394,-0.0000,-20.1791,-3.1978,20.4309,6.7143
128.0000,4.2667,552.7089,552.7089,111.1194,1.9394,-0.0000,-22.6858,-5.1162,23.2556,6.7143
129.0000,4.3000,556.4129,556.4129,111.1194,1.9394,-0.0000,-25.2516,-7.4381,26.3243,6.7143
130.0000,4.3333,560.1168,560.1168,111.1194,1.9394,0.0000,-27.6127,-10.1140,29.4067,6.7143
131.0000,4.3667,563.8208,563.8208,111.1194,1.9394,0.0000,-29.1466,-12.8679,31.8608,6.7143
132.0000,4.4000,567.5248,567.5248,111.1194,1.9394,0.0000,-29.8776,-15.5697,33.6911,6.7143
133.0000,4.4333,571.2288,571.2288,111.1194,1.9394,0.0000,-29.8373,-18.0906,34.8932,6.7143
134.0000,4.4667,574.9328,574.9328,111.1194,1.9394,-0.0000,-28.8569,-20.1554,35.1989,6.7143
135.0000,4.5000,578.6367,578.6367,111.1194,1.9394,-0.0000,-27.2086,-21.7489,34.8328,6.7143
136.0000,4.5333,582.3407,582.3407,111.1194,1.9394,-0.0000,-23.8312,-21.7157,32.2413,6.7143
137.0000,4.5667,586.0447,586.0447,111.1194,1.9394,-0.0000,-21.6594,-22.4640,31.2052,6.7143
138.0000,4.6000,589.7487,589.7487,111.1194,1.9394,0.0000,-19.5048,-23.0390,30.1866,6.7143
139.0000,4.6333,593.4527,593.4527,111.1194,1.9394,0.0000,-16.9015,-22.8016,28.3826,6.7143
140.0000,4.6667,597.1566,597.1566,111.1194,1.9394,0.0000,-14.4794,-22.4304,26.6979,6.7143
141.0000,4.7000,600.8606,600.8606,111.1194,1.9394,0.0000,-12.2551,-21.9825,25.1678,6.7143
142.0000,4.7333,604.5646,604.5646,111.1194,1.9394,0.0000,-10.2804,-21.6159,23.9360,6.7143
143.0000,4.7667,608.2686,608.2686,111.1194,1.9394,-0.0000,-8.4950,-21.3131,22.9437,6.7143
144.0000,4.8000,611.9726,611.9726,111.1194,1.9394,-0.0000,-6.9372,-21.3158,22.4163,6.7143
145.0000,4.8333,615.6766,615.6766,111.1194,1.9394,-0.0000,-5.5219,-21.6264,22.3203,6.7143
146.0000,4.8667,619.3805,619.3805,111.1194,1.9394,-0.0000,-4.0764,-21.7410,22.1199,6.7143
147.0000,4.9000,623.0845,623.0845,111.1194,1.9394,-0.0000,-2.7659,-22.8045,22.9716,6.7143
148.0000,4.9333,626.7885,626.7885,111.1194,1.9394,-0.0000,-1.3746,-24.4983,24.5369,6.7143
149.0000,4.9667,630.4925,630.4925,111.1194,1.9394,0.0037,0.2370,-27.5744,27.5754,6.7143
150.0000,5.0000,634.1965,634.1965,111.1194,1.9394,-0.0052,2.1298,-29.0275,29.1055,6.7143
151.0000,5.0333,637.9004,637.9004,111.1194,1.9394,-0.0433,4.1587,-29.9682,30.2554,6.7143
152.0000,5.0667,641.6044,641.6044,111.1194,1.9394,-0.0155,6.1609,-30.0019,30.6280,6.7143
153.0000,5.1000,645.3084,645.3084,110.9728,1.9368,0.1864,8.0335,-29.3487,30.4283,6.6966
154.0000,5.1333,649.0124,649.0124,111.1069,1.9392,0.4004,9.7876,-28.4053,30.0443,6.7128
155.0000,5.1667,652.7164,652.7164,112.2514,1.9592,0.2219,11.3533,-27.1192,29.3998,6.8518
156.0000,5.2000,656.4203,656.4203,113.0968,1.9739,-0.6810,12.7382,-25.6381,28.6282,6.9554
157.0000,5.2333,660.1243,660.1243,111.1128,1.9393,-2.1299,13.7581,-23.7108,27.4133,6.7135
158.0000,5.2667,663.8283,663.8283,105.5164,1.8416,-3.0996,14.5639,-21.7321,26.1609,6.0543
159.0000,5.3000,667.5323,667.5323,98.3563,1.7166,-2.2115,15.0070,-19.5347,24.6337,5.2605
160.0000,5.3333,671.2363,671.2363,94.8674,1.6557,1.2047,14.3207,-16.3375,21.7255,4.8939
161.0000,5.3667,674.9402,674.9402,101.2947,1.7679,6.7377,14.4982,-14.5285,20.5250,5.5795
162.0000,5.4000,677.4208,677.4208,120.5561,2.1041,13.1823,15.5457,-14.2847,21.1121,7.9031
163.0000,5.4333,680.1022,680.1022,151.5675,2.6454,18.6980,17.5112,-14.6405,22.8252,12.4920
164.0000,5.4667,685.6336,685.6336,191.4976,3.3423,21.1330,19.8826,-13.5967,24.0871,19.9411
165.0000,5.5000,693.3062,693.3062,234.0764,4.0854,18.8094,23.0678,-11.5988,25.8197,29.7945
166.0000,5.5333,702.4111,702.4111,267.4598,4.6681,11.3199,26.9545,-8.5447,28.2764,38.8990
167.0000,5.5667,712.2393,712.2393,280.3343,4.8928,0.2501,30.4061,-4.1439,30.6872,42.7341
168.0000,5.6000,722.0822,722.0822,268.4767,4.6858,-10.9063,33.2979,1.2106,33.3199,39.1954
169.0000,5.6333,731.2307,731.2307,235.7767,4.1151,-18.5988,34.6907,6.8883,35.3679,30.2290
170.0000,5.6667,738.9762,738.9762,193.2949,3.3736,-21.1435,34.6696,11.9216,36.6621,20.3171
171.0000,5.7000,744.6096,744.6096,153.0662,2.6715,-18.8807,33.2355,15.2232,36.5560,12.7403
172.0000,5.7333,747.4222,747.4222,121.6252,2.1228,-13.4497,31.8070,16.5029,35.8334,8.0439
173.0000,5.7667,749.7978,749.7978,101.8314,1.7773,-7.0005,29.3349,16.7988,33.8044,5.6388
174.0000,5.8000,753.5018,753.5018,94.8807,1.6560,-1.3997,26.2825,17.3972,31.5187,4.8953
175.0000,5.8333,757.2058,757.2058,98.0684,1.7116,2.1213,24.2376,18.4012,30.4314,5.2297
176.0000,5.8667,760.9098,760.9098,105.2160,1.8364,3.1125,22.5987,19.5824,29.9027,6.0198
177.0000,5.9000,764.6137,764.6137,110.9474,1.9364,2.1945,21.1078,20.8251,29.6518,6.6935
178.0000,5.9333,768.3177,768.3177,113.0924,1.9738,0.7358,19.8957,22.3444,29.9184,6.9549
179.0000,5.9667,772.0217,772.0217,112.3222,1.9604,-0.2011,18.6380,23.8742,30.2879,6.8605
180.0000,6.0000,775.7257,775.7257,111.1320,1.9396,-0.4055,17.4045,25.5387,30.9054,6.7158
181.0000,6.0333,779.4297,779.4297,110.9602,1.9366,-0.1987,15.6561,26.5043,30.7829,6.6951
182.0000,6.0667,783.1336,783.1336,111.1194,1.9394,0.0109,13.8100,27.2607,30.5591,6.7143
183.0000,6.1000,786.8376,786.8376,111.1194,1.9394,0.0454,11.5809,27.0693,29.4426,6.7143
184.0000,6.1333,790.5416,790.5416,111.1194,1.9394,0.0063,9.3665,26.5113,28.1173,6.7143
185.0000,6.1667,794.2456,794.2456,111.1194,1.9394,-0.0040,7.1943,25.5014,26.4968,6.7143
186.0000,6.2000,797.9496,797.9496,111.1194,1.9394,0.0000,5.1455,24.1034,24.6465,6.7143
187.0000,6.2333,801.6536,801.6536,111.1194,1.9394,0.0000,3.2562,22.1945,22.4320,6.7143
188.0000,6.2667,805.3575,805.3575,111.1194,1.9394,-0.0000,1.6715,20.5842,20.6519,6.7143
189.0000,6.3000,809.0615,809.0615,111.1194,1.9394,-0.0000,0.2966,18.1091,18.1115,6.7143
190.0000,6.3333,812.7655,812.7655,111.1194,1.9394,0.0032,-0.7574,15.6790,15.6973,6.7143
191.0000,6.3667,816.4695,816.4695,111.1194,1.9394,-0.0080,-1.6404,14.4664,14.5591,6.7143
192.0000,6.4000,820.1735,820.1735,111.1194,1.9394,-0.0291,-2.4690,13.7586,13.9783,6.7143
193.0000,6.4333,823.8774,823.8774,111.1194,1.9394,0.0181,-3.3602,13.6010,14.0099,6.7143
194.0000,6.4667,827.5814,827.5814,110.9914,1.9372,0.1430,-4.4252,13.9656,14.6499,6.6989
195.0000,6.5000,831.2854,831.2854,111.2475,1.9416,0.1942,-5.7029,14.6383,15.7100,6.7298
196.0000,6.5333,834.9894,834.9894,111.9685,1.9542,-0.0172,-7.4650,16.0164,17.6707,6.8173
197.0000,6.5667,838.6934,838.6934,111.9236,1.9534,-0.5757,-9.8423,17.9823,20.4996,6.8118
198.0000,6.6000,842.3973,842.3973,110.2405,1.9241,-1.2340,-12.7499,20.0927,23.7966,6.6085
199.0000,6.6333,846.1013,846.1013,107.1831,1.8707,-1.3657,-15.8536,21.7397,26.9063,6.2470
200.0000,6.6667,849.8053,849.8053,104.2530,1.8196,-0.4475,-18.6057,22.3271,29.0632,5.9102
201.0000,6.7000,853.5093,853.5093,104.3892,1.8219,1.5374,-20.9263,22.0445,30.3952,5.9256
202.0000,6.7333,857.2133,857.2133,109.8514,1.9173,4.2118,-22.7195,21.0287,30.9577,6.5619
203.0000,6.7667,859.8493,859.8493,120.7330,2.1072,6.9332,-23.4605,19.7910,30.6933,7.9264
204.0000,6.8000,863.8203,863.8203,135.9864,2.3734,8.7927,-24.5001,17.9181,30.3531,10.0557
205.0000,6.8333,868.8295,868.8295,154.2778,2.6927,8.8991,-26.5642,16.0692,31.0463,12.9428
206.0000,6.8667,874.5803,874.5803,171.5825,2.9947,6.7554,-28.0670,13.3390,31.0755,16.0091
207.0000,6.9000,880.7761,880.7761,181.9324,3.1753,2.5457,-28.8876,10.0733,30.5935,17.9987
208.0000,6.9333,887.1201,887.1201,181.9324,3.1753,-2.5457,-28.8259,6.5913,29.5699,17.9987
209.0000,6.9667,893.3159,893.3159,171.5825,2.9947,-6.7554,-27.6515,3.2405,27.8407,16.0091
210.0000,7.0000,899.0667,899.0667,154.2778,2.6927,-8.8991,-26.5387,0.4323,26.5422,12.9428
211.0000,7.0333,904.0759,904.0759,135.9864,2.3734,-8.7927,-25.7782,-1.8369,25.8435,10.0557
212.0000,7.0667,908.0469,908.0469,120.7330,2.1072,-6.9332,-25.0330,-3.5390,25.2819,7.9264
213.0000,7.1000,910.6829,910.6829,109.8514,1.9173,-4.2118,-24.7612,-4.6710,25.1980,6.5619
214.0000,7.1333,914.3869,914.3869,104.3892,1.8219,-1.5374,-24.6665,-6.3273,25.4651,5.9256
215.0000,7.1667,918.0909,918.0909,104.2530,1.8196,0.4475,-25.0135,-8.1713,26.3144,5.9102
216.0000,7.2000,921.7949,921.7949,107.1831,1.8707,1.3657,-25.5128,-10.2018,27.4769,6.2470
217.0000,7.2333,925.4989,925.4989,110.2405,1.9241,1.2340,-26.1050,-12.4508,28.9222,6.6085
218.0000,7.2667,929.2028,929.2028,111.9236,1.9534,0.5757,-26.7735,-14.9649,30.6720,6.8118
219.0000,7.3000,932.9068,932.9068,111.9685,1.9542,0.0172,-27.3947,-17.7271,32.6301,6.8173
220.0000,7.3333,936.6108,936.6108,111.2475,1.9416,-0.1942,-26.9678,-20.0359,33.5961,6.7298
221.0000,7.3667,940.3148,940.3148,110.9914,1.9372,-0.1430,-26.1861,-22.2191,34.3424,6.6989
222.0000,7.4000,944.0188,944.0188,111.1194,1.9394,-0.0181,-24.9556,-24.1152,34.7034,6.7143
223.0000,7.4333,947.7227,947.7227,111.1194,1.9394,0.0291,-23.0537,-25.3559,34.2694,6.7143
224.0000,7.4667,951.4267,951.4267,111.1194,1.9394,0.0080,-20.8788,-26.1795,33.4857,6.7143
225.0000,7.5000,955.1307,955.1307,111.1194,1.9394,-0.0032,-18.3279,-26.3025,32.0583,6.7143
226.0000,7.5333,958.8347,958.8347,111.1194,1.9394,-0.0000,-15.4111,-25.4816,29.7795,6.7143
227.0000,7.5667,962.5387,962.5387,111.1194,1.9394,-0.0000,-12.5769,-24.1999,27.2729,6.7143
228.0000,7.6000,966.2427,966.2427,111.1194,1.9394,-0.0000,-9.9182,-22.5330,24.6192,6.7143
229.0000,7.6333,969.9466,969.9466,111.1194,1.9394,0.0000,-7.4534,-20.4190,21.7368,6.7143
230.0000,7.6667,973.6506,973.6506,111.1194,1.9394,0.0000,-5.3116,-18.1063,18.8693,6.7143
231.0000,7.7000,977.3546,977.3546,111.1194,1.9394,0.0000,-3.5418,-15.7861,16.1786,6.7143
232.0000,7.7333,981.0586,981.0586,111.1194,1.9394,0.0000,-2.1539,-13.6899,13.8583,6.7143
233.0000,7.7667,984.7626,984.7626,111.1194,1.9394,-0.0000,-1.1604,-12.6593,12.7124,6.7143
234.0000,7.8000,988.4665,988.4665,111.1194,1.9394,-0.0000,-0.3468,-12.9546,12.9593,6.7143
235.0000,7.8333,992.1705,992.1705,111.1194,1.9394,0.0000,0.5635,-14.8667,14.8774,6.7143
236.0000,7.8667,995.8745,995.8745,111.1194,1.9394,-0.0000,1.8125,-17.6162,17.7092,6.7143
237.0000,7.9000,999.5785,999.5785,111.1194,1.9394,-0.0000,3.5605,-21.0989,21.3972,6.7143
238.0000,7.9333,1003.2825,1003.2825,111.1194,1.9394,-0.0000,5.6116,-23.7713,24.4247,6.7143
239.0000,7.9667,1006.9864,1006.9864,111.1194,1.9394,0.0000,7.9522,-26.0324,27.2199,6.7143
240.0000,8.0000,1010.6904,1010.6904,111.1194,1.9394,0.0000,10.3311,-27.3542,29.2401,6.7143
241.0000,8.0333,1014.3944,1014.3944,111.1194,1.9394,0.0000,12.4444,-27.4407,30.1306,6.7143
242.0000,8.0667,1018.0984,1018.0984,111.1194,1.9394,0.0000,13.7159,-25.6894,29.1216,6.7143
243.0000,8.1000,1021.8024,1021.8024,111.1194,1.9394,0.0000,14.5158,-23.4095,27.5447,6.7143
244.0000,8.1333,1025.5064,1025.5064,111.1194,1.9394,-0.0000,14.9836,-21.0012,25.7984,6.7143
245.0000,8.1667,1029.2103,1029.2103,111.1194,1.9394,-0.0000,14.9971,-18.3815,23.7232,6.7143
246.0000,8.2000,1032.9143,1032.9143,111.1194,1.9394,-0.0000,14.9019,-16.0284,21.8855,6.7143
247.0000,8.2333,1036.6183,1036.6183,111.1194,1.9394,-0.0000,14.9809,-14.1577,20.6123,6.7143
248.0000,8.2667,1040.3223,1040.3223,111.1194,1.9394,-0.0000,15.5841,-12.9279,20.2483,6.7143
249.0000,8.3000,1044.0263,1044.0263,111.1194,1.9394,-0.0000,16.8798,-12.2521,20.8576,6.7143
250.0000,8.3333,1047.7302,1047.7302,111.1194,1.9394,-0.0000,18.7483,-11.8383,22.1731,6.7143
251.0000,8.3667,1051.4342,1051.4342,111.1194,1.9394,-0.0000,21.4955,-11.7031,24.4749,6.7143
252.0000,8.4000,1055.1382,1055.1382,111.1194,1.9394,0.0000,24.4265,-11.3186,26.9215,6.7143
253.0000,8.4333,1058.8422,1058.8422,111.1194,1.9394,0.0000,26.8326,-10.3849,28.7721,6.7143
254.0000,8.4667,1062.5462,1062.5462,111.1194,1.9394,0.0000,28.7651,-9.0441,30.1534,6.7143
255.0000,8.5000,1066.2501,1066.2501,111.1194,1.9394,0.0000,29.2232,-7.1508,30.0854,6.7143
256.0000,8.5333,1069.9541,1069.9541,111.1194,1.9394,0.0000,28.3055,-5.0144,28.7462,6.7143
257.0000,8.5667,1073.6581,1073.6581,111.1194,1.9394,0.0000,27.0266,-3.0038,27.1930,6.7143
258.0000,8.6000,1077.3621,1077.3621,111.1194,1.9394,-0.0000,24.6948,-1.1378,24.7210,6.7143
259.0000,8.6333,1081.0661,1081.0661,111.1194,1.9394,-0.0000,22.6076,0.4207,22.6115,6.7143
260.0000,8.6667,1084.7700,1084.7700,111.1194,1.9394,-0.0000,20.9039,1.7443,20.9765,6.7143
261.0000,8.7000,1088.4740,1088.4740,111.1194,1.9394,-0.0000,20.8279,3.1031,21.0578,6.7143
262.0000,8.7333,1092.1780,1092.1780,111.1194,1.9394,-0.0000,22.1872,4.7881,22.6980,6.7143
263.0000,8.7667,1095.8820,1095.8820,111.1194,1.9394,-0.0000,24.3582,6.9303,25.3249,6.7143
264.0000,8.8000,1099.5860,1099.5860,111.1194,1.9394,0.0000,27.0440,9.6225,28.7048,6.7143
265.0000,8.8333,1103.2900,1103.2900,111.1194,1.9394,0.0000,30.4678,13.1152,33.1707,6.7143
266.0000,8.8667,1106.9939,1106.9939,111.1194,1.9394,0.0000,33.7404,17.1871,37.8657,6.7143
267.0000,8.9000,1110.6979,1110.6979,111.1194,1.9394,0.0000,35.9213,21.3267,41.7752,6.7143
268.0000,8.9333,1114.4019,1114.4019,111.1194,1.9394,-0.0000,38.1476,26.1221,46.2342,6.7143
269.0000,8.9667,1118.1059,1118.1059,111.1194,1.9394,-0.0000,38.7278,30.3729,49.2174,6.7143
270.0000,9.0000,1121.8099,1121.8099,111.1194,1.9394,-0.0000,37.6418,33.6673,50.5015,6.7143
271.0000,9.0333,1125.5138,1125.5138,111.1194,1.9394,-0.0000,34.8141,35.4442,49.6821,6.7143
272.0000,9.0667,1129.2178,1129.2178,111.1194,1.9394,-0.0000,31.1136,36.0681,47.6336,6.7143
273.0000,9.1000,1132.9218,1132.9218,111.1194,1.9394,-0.0000,27.8850,36.8997,46.2510,6.7143
274.0000,9.1333,1136.6258,1136.6258,111.1194,1.9394,-0.0000,24.0971,36.5810,43.8046,6.7143
275.0000,9.1667,1140.3298,1140.3298,111.1194,1.9394,0.0000,20.4075,35.8214,41.2267,6.7143
276.0000,9.2000,1144.0337,1144.0337,111.1194,1.9394,0.0000,16.3846,33.6437,37.4213,6.7143
277.0000,9.2333,1147.7377,1147.7377,111.1194,1.9394,0.0000,12.5767,30.7227,33.1972,6.7143
278.0000,9.2667,1151.4417,1151.4417,111.1194,1.9394,-0.0000,9.1911,27.3768,28.8785,6.7143
279.0000,9.3000,1155.1457,1155.1457,111.1194,1.9394,-0.0000,6.5150,24.5640,25.4133,6.7143
280.0000,9.3333,1158.8497,1158.8497,111.1194,1.9394,-0.0000,4.2835,21.7321,22.1503,6.7143
281.0000,9.3667,1162.5537,1162.5537,111.1194,1.9394,-0.0000,2.4952,19.0913,19.2536,6.7143
282.0000,9.4000,1166.2576,1166.2576,111.1194,1.9394,0.0000,1.2178,18.6181,18.6579,6.7143
283.0000,9.4333,1169.9616,1169.9616,111.1194,1.9394,0.0000,0.0129,19.3278,19.3278,6.7143
284.0000,9.4667,1173.6656,1173.6656,111.1194,1.9394,0.0000,-1.3514,21.0950,21.1383,6.7143
285.0000,9.5000,1177.3696,1177.3696,111.1194,1.9394,0.0000,-3.0310,23.4351,23.6303,6.7143
286.0000,9.5333,1181.0736,1181.0736,111.1194,1.9394,0.0000,-5.3971,27.5767,28.0999,6.7143
287.0000,9.5667,1184.7775,1184.7775,111.1194,1.9394,0.0000,-8.4250,31.9380,33.0305,6.7143
288.0000,9.6000,1188.4815,1188.4815,111.1194,1.9394,-0.0000,-11.5105,34.4382,36.3109,6.7143
289.0000,9.6333,1192.1855,1192.1855,111.1194,1.9394,-0.0000,-14.9547,36.6719,39.6040,6.7143
290.0000,9.6667,1195.8895,1195.8895,111.1194,1.9394,-0.0000,-18.4845,38.0851,42.3338,6.7143
291.0000,9.7000,1199.5935,1199.5935,111.1194,1.9394,-0.0000,-21.9863,38.7131,44.5208,6.7143
292.0000,9.7333,1203.2974,1203.2974,111.1194,1.9394,0.0000,-24.9195,37.9400,45.3919,6.7143
293.0000,9.7667,1207.0014,1207.0014,111.1194,1.9394,0.0000,-27.1947,36.0867,45.1863,6.7143
294.0000,9.8000,1210.7054,1210.7054,111.1194,1.9394,0.0000,-28.1467,32.7173,43.1586,6.7143
295.0000,9.8333,1214.4094,1214.4094,111.1194,1.9394,0.0000,-28.5245,29.1188,40.7621,6.7143
296.0000,9.8667,1218.1134,1218.1134,111.1194,1.9394,0.0000,-29.3790,26.3479,39.4631,6.7143
297.0000,9.9000,1221.8173,1221.8173,111.1194,1.9394,0.0000,-30.5356,24.0142,38.8472,6.7143
298.0000,9.9333,1225.5213,1225.5213,111.1194,1.9394,0.0000,-31.6729,21.7508,38.4223,6.7143
299.0000,9.9667,1229.2253,1229.2253,111.1194,1.9394,-0.0000,-32.3232,19.2491,37.6207,6.7143
300.0000,10.0000,1232.9293,1232.9293,111.1194,1.9394,-0.0000,-33.0552,16.8939,37.1221,6.7143
301.0000,10.0333,1236.6333,1236.6333,111.1194,1.9394,-0.0000,-33.3996,14.4303,36.3836,6.7143
302.0000,10.0667,1240.3373,1240.3373,111.1194,1.9394,-0.0000,-32.7656,11.7078,34.7945,6.7143
303.0000,10.1000,1244.0412,1244.0412,111.1194,1.9394,-0.0000,-31.7934,9.0918,33.0678,6.7143
304.0000,10.1333,1247.7452,1247.7452,111.1194,1.9394,-0.0000,-29.9030,6.4952,30.6003,6.7143
305.0000,10.1667,1251.4492,1251.4492,111.1194,1.9394,-0.0000,-27.1598,4.0837,27.4651,6.7143
306.0000,10.2000,1255.1532,1255.1532,111.1194,1.9394,0.0000,-23.4907,1.9919,23.5750,6.7143
307.0000,10.2333,1258.8572,1258.8572,111.1194,1.9394,0.0000,-19.6481,0.3920,19.6520,6.7143
308.0000,10.2667,1262.5611,1262.5611,111.1194,1.9394,0.0000,-15.5484,-0.6955,15.5639,6.7143
309.0000,10.3000,1266.2651,1266.2651,111.1194,1.9394,-0.0000,-12.0847,-1.3267,12.1573,6.7143
310.0000,10.3333,1269.9691,1269.9691,111.1194,1.9394,-0.0000,-9.5969,-1.6869,9.7440,6.7143
311.0000,10.3667,1273.6731,1273.6731,111.1194,1.9394,-0.0000,-8.3157,-2.0230,8.5583,6.7143
312.0000,10.4000,1277.3771,1277.3771,111.1194,1.9394,-0.0000,-5.9003,-1.8464,6.1824,6.7143
313.0000,10.4333,1281.0810,1281.0810,111.1194,1.9394,-0.0000,-4.9443,-1.9060,5.2990,6.7143
314.0000,10.4667,1284.7850,1284.7850,111.1194,1.9394,-0.0000,-5.8353,-2.6944,6.4273,6.7143
315.0000,10.5000,1288.4890,1288.4890,111.1194,1.9394,-0.0000,-8.2373,-4.4704,9.3722,6.7143
316.0000,10.5333,1292.1930,1292.1930,111.1194,1.9394,-0.0000,-10.7076,-6.7411,12.6529,6.7143
317.0000,10.5667,1295.8970,1295.8970,111.1194,1.9394,0.0000,-13.6169,-9.8559,16.8095,6.7143
318.0000,10.6000,1299.6010,1299.6010,111.1194,1.9394,-0.0000,-16.3268,-13.5072,21.1899,6.7143
319.0000,10.6333,1303.3049,1303.3049,111.1194,1.9394,0.0000,-18.5178,-17.4533,25.4466,6.7143
320.0000,10.6667,1307.0089,1307.0089,111.1194,1.9394,0.0000,-20.2478,-21.7199,29.6939,6.7143
321.0000,10.7000,1310.7129,1310.7129,111.1194,1.9394,0.0000,-21.2060,-25.9205,33.4898,6.7143
322.0000,10.7333,1314.4169,1314.4169,111.1194,1.9394,0.0000,-20.9791,-29.3215,36.0538,6.7143
323.0000,10.7667,1318.1209,1318.1209,111.1194,1.9394,0.0000,-19.8507,-31.9174,37.5869,6.7143
324.0000,10.8000,1321.8248,1321.8248,111.1194,1.9394,0.0000,-18.1518,-33.8883,38.4435,6.7143
325.0000,10.8333,1325.5288,1325.5288,111.1194,1.9394,0.0000,-15.8868,-34.9070,38.3522,6.7143
326.0000,10.8667,1329.2328,1329.2328,111.1194,1.9394,0.0000,-13.1661,-34.7198,37.1323,6.7143
327.0000,10.9000,1332.9368,1332.9368,111.1194,1.9394,-0.0000,-10.7018,-34.8665,36.4719,6.7143
328.0000,10.9333,1336.6408,1336.6408,111.1194,1.9394,-0.0000,-8.1299,-34.2339,35.1860,6.7143
329.0000,10.9667,1340.3447,1340.3447,111.1194,1.9394,-0.0000,-5.5744,-32.7656,33.2364,6.7143
330.0000,11.0000,1344.0487,1344.0487,111.1194,1.9394,-0.0000,-3.2739,-31.4063,31.5765,6.7143
331.0000,11.0333,1347.7527,1347.7527,111.1194,1.9394,-0.0000,-1.1417,-29.0934,29.1158,6.7143
332.0000,11.0667,1351.4567,1351.4567,111.1194,1.9394,0.0000,0.6327,-24.8790,24.8871,6.7143
333.0000,11.1000,1355.1607,1355.1607,111.1194,1.9394,0.0000,1.8365,-20.3349,20.4176,6.7143
334.0000,11.1333,1358.8647,1358.8647,111.1194,1.9394,0.0000,2.5686,-16.4694,16.6685,6.7143
335.0000,11.1667,1362.5686,1362.5686,111.1194,1.9394,-0.0000,3.0501,-13.6807,14.0166,6.7143
336.0000,11.2000,1366.2726,1366.2726,111.1194,1.9394,-0.0000,3.5265,-12.0813,12.5855,6.7143
337.0000,11.2333,1369.9766,1369.9766,111.1194,1.9394,-0.0000,4.6580,-12.8141,13.6344,6.7143
338.0000,11.2667,1373.6806,1373.6806,111.1194,1.9394,-0.0000,6.1840,-14.1006,15.3970,6.7143
339.0000,11.3000,1377.3846,1377.3846,111.1194,1.9394,0.0000,8.1751,-15.7817,17.7734,6.7143
340.0000,11.3333,1381.0885,1381.0885,111.1194,1.9394,0.0000,9.9588,-16.5163,19.2864,6.7143
341.0000,11.3667,1384.7925,1384.7925,111.1194,1.9394,-0.0000,11.6667,-16.7908,20.4461,6.7143
342.0000,11.4000,1388.4965,1388.4965,111.1194,1.9394,-0.0000,13.5680,-17.0594,21.7971,6.7143
343.0000,11.4333,1392.2005,1392.2005,111.1194,1.9394,-0.0000,15.6498,-17.2591,23.2979,6.7143
344.0000,11.4667,1395.9045,1395.9045,111.1194,1.9394,0.0000,18.5436,-17.9672,25.8202,6.7143
345.0000,11.5000,1399.6084,1399.6084,111.1194,1.9394,0.0000,20.1504,-17.1442,26.4568,6.7143
346.0000,11.5333,1403.3124,1403.3124,111.1194,1.9394,-0.0000,20.2802,-15.1096,25.2900,6.7143
347.0000,11.5667,1407.0164,1407.0164,111.1194,1.9394,-0.0000,20.0408,-13.0065,23.8915,6.7143
348.0000,11.6000,1410.7204,1410.7204,111.1194,1.9394,-0.0000,19.6033,-10.9917,22.4746,6.7143
349.0000,11.6333,1414.4244,1414.4244,111.1194,1.9394,0.0000,19.2458,-9.2110,21.3364,6.7143
350.0000,11.6667,1418.1283,1418.1283,111.1194,1.9394,0.0000,18.5575,-7.4494,19.9968,6.7143
351.0000,11.7000,1421.8323,1421.8323,111.1194,1.9394,0.0000,18.2231,-5.9801,19.1792,6.7143
352.0000,11.7333,1425.5363,1425.5363,111.1194,1.9394,0.0000,16.6636,-4.2982,17.2091,6.7143
353.0000,11.7667,1429.2403,1429.2403,111.1194,1.9394,0.0000,14.7514,-2.8032,15.0154,6.7143
354.0000,11.8000,1432.9443,1432.9443,111.1194,1.9394,-0.0000,12.5128,-1.5487,12.6083,6.7143
355.0000,11.8333,1436.6483,1436.6483,111.1194,1.9394,-0.0000,11.3044,-0.6621,11.3238,6.7143
356.0000,11.8667,1440.3522,1440.3522,111.1194,1.9394,-0.0000,11.0088,0.0677,11.0090,6.7143
357.0000,11.9000,1444.0562,1444.0562,111.1194,1.9394,-0.0000,11.6861,0.8287,11.7155,6.7143
358.0000,11.9333,1447.7602,1447.7602,111.1194,1.9394,-0.0000,13.6315,1.8576,13.7575,6.7143
359.0000,11.9667,1451.4642,1451.4642,111.1194,1.9394,0.0000,14.8807,3.0178,15.1837,6.7143
360.0000,12.0000,1455.1682,1455.1682,111.1194,1.9394,0.0000,16.0653,4.3553,16.6452,6.7143
361.0000,12.0333,1458.8721,1458.8721,111.1194,1.9394,0.0000,17.3783,5.9405,18.3656,6.7143
362.0000,12.0667,1462.5761,1462.5761,111.1194,1.9394,0.0000,18.5064,7.6944,20.0423,6.7143
363.0000,12.1000,1466.2801,1466.2801,111.1194,1.9394,0.0000,19.2589,9.5100,21.4790,6.7143
364.0000,12.1333,1469.9841,1469.9841,111.1194,1.9394,0.0000,19.5614,11.2865,22.5839,6.7143
365.0000,12.1667,1473.6881,1473.6881,111.1194,1.9394,0.0000,19.7473,13.1639,23.7327,6.7143
366.0000,12.2000,1477.3920,1477.3920,111.1194,1.9394,0.0000,19.5251,14.9237,24.5753,6.7143
367.0000,12.2333,1481.0960,1481.0960,111.1194,1.9394,-0.0000,18.8316,16.4256,24.9886,6.7143
368.0000,12.2667,1484.8000,1484.8000,111.1194,1.9394,-0.0000,17.5783,17.4560,24.7732,6.7143
369.0000,12.3000,1488.5040,1488.5040,111.1194,1.9394,-0.0000,15.8941,17.9675,23.9887,6.7143
370.0000,12.3333,1492.2080,1492.2080,111.1194,1.9394,-0.0000,14.4644,18.6528,23.6039,6.7143
371.0000,12.3667,1495.9120,1495.9120,111.1194,1.9394,0.0000,13.0813,19.3297,23.3401,6.7143
372.0000,12.4000,1499.6159,1499.6159,111.1194,1.9394,0.0000,11.9561,20.3916,23.6382,6.7143
373.0000,12.4333,1503.3199,1503.3199,111.1194,1.9394,0.0000,10.7414,21.3754,23.9224,6.7143
374.0000,12.4667,1507.0239,1507.0239,111.1194,1.9394,-0.0000,9.5383,22.4970,24.4355,6.7143
375.0000,12.5000,1510.7279,1510.7279,111.1194,1.9394,-0.0000,8.2438,23.5774,24.9771,6.7143
376.0000,12.5333,1514.4319,1514.4319,111.1194,1.9394,-0.0000,6.7449,24.2093,25.1314,6.7143
377.0000,12.5667,1518.1358,1518.1358,111.1194,1.9394,-0.0000,5.2034,24.7688,25.3094,6.7143
378.0000,12.6000,1521.8398,1521.8398,111.1194,1.9394,-0.0000,3.6140,25.2034,25.4612,6.7143
379.0000,12.6333,1525.5438,1525.5438,111.1194,1.9394,-0.0000,1.9846,25.4653,25.5426,6.7143
380.0000,12.6667,1529.2478,1529.2478,111.1194,1.9394,-0.0000,0.3355,25.5513,25.5535,6.7143
381.0000,12.7000,1532.9518,1532.9518,111.1194,1.9394,0.0000,-1.3128,25.4602,25.4940,6.7143
382.0000,12.7333,1536.6557,1536.6557,111.1194,1.9394,0.0000,-2.9398,25.1932,25.3642,6.7143
383.0000,12.7667,1540.3597,1540.3597,111.1194,1.9394,0.0000,-4.5252,24.7536,25.1639,6.7143
384.0000,12.8000,1544.0637,1544.0637,111.1194,1.9394,0.0000,-6.0491,24.1470,24.8932,6.7143
