Frame,Theta_deg,Omega_deg_s,Alpha_rad_s2,CoM_X_rel,CoM_Z_rel
0,-6.26269767506553,428.70098935579796,-12.206205445806294,-0.1284599898937884,0.0839646494167135
1,6.729338012683934,405.38885415865457,-12.206205445806294,-0.05652359402257144,0.06536402674549871
2,19.218442941294786,382.0767189615112,-12.206205445806294,-0.003172082039455515,0.0490063465201763
3,31.20461711076703,358.7645837643678,-12.206205445806294,0.03421859984770664,0.03443729484938696
4,42.68786052110065,335.45244856722434,-12.206205445806294,0.0582725054310623,0.0212025578417714
5,53.66817317229584,312.1403133700798,-12.206205445806209,0.07161368850275879,0.008847821605970307
6,66.70707016528723,294.9968777709048,-11.24996662908368,0.07686620285494333,-0.003081227749375609
7,75.03825866869781,284.24276360479115,-7.554588599524564,0.07665410227976369,-0.015038904115625794
8,82.41266271669681,280.50316605158014,-1.9748704094323948,0.07900055410786673,-0.027570066596468996
9,89.33703497873233,285.5146719418914,5.103099257700414,0.08070961496548806,-0.0418457115372701
10,96.30021080623764,293.12441639740024,9.995424399713329,0.08323862005708743,-0.05835901662286615
11,106.35157872109615,299.18884939194476,11.047581029013166,0.08788648102868342,-0.07673881933693688
12,117.9694935592741,303.8076556674283,4.997258629786909,0.09587343603691054,-0.09486594640384953
13,130.3745776037211,303.832121590775,-2.5847514335062343,0.10761081641141446,-0.10869736333753276
14,144.63987139142262,299.58793739513226,-8.973845322393068,0.12195967352607154,-0.11313253062133154
15,155.45240510296492,291.9832175302975,-11.807765946927518,0.13645528298438914,-0.10364434800621558
16,163.69571043319647,281.51128661113506,-9.655111245942223,0.14828099919886734,-0.07823958046733498
17,168.99441523314218,272.382674534749,-4.5135005905903895,0.15503131176311885,-0.039054943981784225
18,176.0852751177202,266.64886735398835,1.6303130764988296,0.1548814815786588,0.007391998797520904
19,184.31505012933349,264.1624927457153,6.338605697792595,0.14661462070112416,0.05188495187960958
20,193.92188807334412,265.44583138569806,5.44500003295019,0.1300744530406506,0.08565719827862302
21,204.3804262594198,271.33873784353693,2.685515332032587,0.10712618607809696,0.10358343277249579
22,214.91992833692868,281.3652953157215,0.5894722359824485,0.0825069729341475,0.1057441507646514
23,225.18162404440687,293.35101627948984,2.475232634658873,0.06332601756949513,0.09633722723286522
24,234.11939984125465,304.37442190473365,5.140182479716401,0.056235372677783925,0.08036083948241805
25,240.5144681255738,312.9595220928377,7.187018570764074,0.06321404990342354,0.060205239076281544
26,250.09469675164777,316.7069594395426,6.488410984871329,0.07917109057861586,0.03491303897126683
27,262.1625327622934,316.05912676742776,2.931416516219471,0.09416336569101773,0.0031112039059627977
28,276.934171362006,309.6635812720742,-3.467390283383949,0.09926914015725798,-0.03267959554351012
29,289.30739281136715,300.0430220808712,-10.45853460272096,0.09159911115642635,-0.06449403645788122
30,300.28799568225804,287.6958493128733,-15.390908794260426,0.07446094447085785,-0.08238575559684048
31,308.4067598430043,269.80235718926605,-14.749690485635867,0.0530565484586139,-0.08076182006445966
32,315.5302903598441,251.66428048780568,-9.739061207722187,0.030066418241402146,-0.0625688383541409
33,320.8978712832103,237.71706210079876,-2.6082181150663075,0.005193302035745851,-0.03782776284290572
34,327.4144149798695,231.88939243263744,2.306383849198113,-0.02128031856761219,-0.01756951538509572
35,335.13612558776214,234.11728855735734,5.688573968275051,-0.0445164268784119,-0.007761257219794648
36,343.5980879351001,243.08549557110058,6.686061371385222,-0.05464656490208303,-0.0076493894921130755
37,352.5391755219577,254.04295131898584,6.009733227002826,-0.04124157385515385,-0.013517411251810952
38,361.6199641605108,259.39166063268857,1.8688799202632964,-0.0007550847285968786,-0.024673823790647035
39,369.73981984765277,254.16126966492374,-3.6584840266830696,0.057983479448977145,-0.04637377630277822
40,379.3604987203281,236.75374763714822,-10.500565540816623,0.11540321879306463,-0.08641050744705099
41,389.13729110900164,203.4330380854977,-19.704832668438485,0.15060905092767718,-0.14748433142285233
42,398.62341560649253,155.82617916698223,-29.370232858971193,0.15260545784853224,-0.22156028646099485
43,404.0054294205819,99.58059989327208,-36.42329181153447,0.12514553083851382,-0.2911086320697862
44,407.5013532516137,41.01080225016672,-38.49229157730764,0.08197978691872973,-0.3366405760062178
45,408.072301098629,-14.57915329714731,-33.354831568296945,0.03702247552958762,-0.34535023054930103
46,403.2681547420679,-59.88820528143272,-22.912372239254054,-0.002481520368078439,-0.31566872630779574
47,396.2636962204224,-88.07127863847725,-9.068254182144301,-0.03543631151176163,-0.256374489637514
48,389.7324511794484,-97.14851828167797,3.551677187494363,-0.06168488965830276,-0.18246016992570044
49,384.5697331404598,-85.37474353983202,15.886876378612243,-0.07802289320014408,-0.11040076596709034
50,381.60107764879257,-51.173850044646166,26.02748442041296,-0.07875421132786257,-0.05408683932252608
51,379.96784384136447,-0.6812665035578104,30.988298316435063,-0.05967025611284508,-0.021974670921814547
52,380.9162129924734,52.24302826443831,30.71027497107012,-0.022022340262200107,-0.015999093888602118
53,381.8995926956642,102.32124620211614,27.688710295708603,0.026621998968071735,-0.032230740017273114
54,387.38715541895897,146.6797799517579,22.985065953430052,0.07561479285874532,-0.06244152915482227
55,396.31494577384547,182.80122961046618,17.115746911984942,0.11654535824817568,-0.09579668529452041
56,405.3397662288686,212.1526700437126,11.276457383600615,0.14684926401766174,-0.12060509543563845
57,412.3414897825223,235.8300861771531,7.339026165768743,0.16911567494095747,-0.12648357309485
58,420.4743840076877,255.8484954014688,5.283692962595495,0.18684855498094266,-0.10705015317465558
59,428.9595805430832,269.7659632447845,6.602713202944258,0.2002490160930724,-0.06251619041267867
60,436.9597397292452,280.8820823938108,8.592757347290473,0.20552898442539302,-0.0009386528708585744
61,446.03545420499785,291.1093505875925,8.040243845058626,0.19815639034374233,0.0630205822256964
62,456.72125893196124,296.25079169630635,3.4016929750794276,0.1770989629428062,0.11219832717835146
63,468.2506272353917,292.1351596327908,-2.782516111128288,0.1467099469380178,0.13284351536909142
64,480.06343076074666,283.31178627905825,-8.2984059040662,0.11508377111282247,0.11966160947347987
65,491.056800729997,272.50213679030287,-11.567119611246397,0.09005476461043166,0.07700869272251012
66,500.42555733249486,260.8382935724488,-10.895655710064887,0.0752205174878639,0.01541550643623929
67,506.6882885691474,249.8278576126714,-6.995642312503023,0.06833255350673965,-0.054065735894839706
68,511.7674044465169,240.96807528883397,-1.9965791968676,0.06305855559844023,-0.12363925964788175
69,518.4407706962917,233.36799584585566,1.4924379249110302,0.05299727496001462,-0.1884495412135817
70,526.395209692521,232.66679111840307,4.20383162752951,0.035296192936795395,-0.24370544567170208
71,535.6557357643421,239.83817466044823,5.619093996448953,0.011508678453987444,-0.28292530530485394
72,544.9832429230474,252.183595229961,5.0693251343720505,-0.014533974461605668,-0.2994770249713865
73,553.5269809939908,261.1617093211805,2.8601285335554962,-0.0396817262333759,-0.29024924235464367
74,559.9766655549105,265.8008739977958,1.6518883656466699,-0.06265033704821409,-0.25839834223165764
75,569.2056837797733,266.46491980576565,0.7535827041522509,-0.08273322141510886,-0.21292163087425853
76,579.6153218181099,264.9340172851817,0.09005833131598706,-0.09767895033152366,-0.1652662732458298
77,589.8788119328783,264.149245160465,-0.645262847469894,-0.10303168210013239,-0.1252499765337507
78,597.7848272848902,263.6382396846229,-2.027428558748511,-0.09400001089758656,-0.09859268483883184
79,606.7272997378188,261.6135204836125,-3.7513416748216457,-0.06883388572151854,-0.0867075370134454
80,614.7961521260095,254.29226425772998,-3.696916255742366,-0.031149625151688246,-0.0879087147877122
81,622.9122728422049,244.63627488117072,-3.622039838211805,0.010997377813198934,-0.0987779645639083
82,631.6502164762595,234.08778979038405,-4.672755033269823,0.04908020110598369,-0.1147612501503529
83,639.8568662373707,224.38639458845552,-6.440944043086461,0.07833313176544236,-0.12996953060609195
84,647.4690484833137,215.25535375083305,-6.15468555798995,0.09910723900280308,-0.13722730813327363
85,654.6337133565013,210.3794673023588,-4.24759866053418,0.11451349548541861,-0.12954345842934356
86,660.7781634031547,211.01531730731048,-0.0006043364411141283,0.1265540107297825,-0.10294790158715697
87,665.9465968247273,213.59197075585317,3.9460489985846436,0.1340023382185784,-0.05919209733403499
88,671.5178629401576,217.41694636675837,5.816711681960015,0.1334908058331618,-0.006402017307914453
89,678.776714586357,220.15137441080174,4.946818145585269,0.12245005346874743,0.04322065238044966
90,687.3645716551782,221.1194969971372,1.9427672557964684,0.10136612308975892,0.077738215762065
91,697.8513432386666,222.0522912537413,-1.6304139860631892,0.07392789328477699,0.08970409201234032
92,706.1462924603975,223.07604986365698,-4.13151622026615,0.0454679889676588,0.07841256343506094
93,713.2230002755691,224.8285142642366,-3.488716641554646,0.021039466699571414,0.04950464404820297
94,718.8898424397321,223.87033563143922,-1.2286098843654827,0.0041916832598936585,0.012338169753137635
95,724.2665283160877,220.60613770046575,1.1655795955269355,-0.003345195665123971,-0.023668381287099693
96,731.002518993014,215.6870225390829,2.347604987309296,-0.0014552999803178878,-0.05199047431065927
97,738.969647256761,210.93058471092363,-0.027553753812441073,0.008678152124572243,-0.06991011955165768
98,748.9402081680822,206.7658918832283,-3.2708136774216996,0.024822851508715972,-0.07739322931788091
99,756.8656062070934,205.3220642460144,-5.134010879763679,0.04388236703659375,-0.07518769236932073
100,763.5334520663788,208.80628766223992,-3.0619327306033597,0.0621789557663915,-0.06362275000402266
101,768.9657651108311,220.2006383944133,4.132569921051584,0.07613462345124185,-0.04292760685014121
102,772.8211746128062,240.77366364482768,14.070515314479877,0.08344607656969594,-0.014744613015785677
103,778.2951481552304,265.7991584634931,21.807350801683697,0.08418424565412613,0.01655642052928196
104,786.2281710556773,293.81493721309397,23.11508933050979,0.08084461928594397,0.044247388486545934
105,797.6428987205592,320.6518254235394,18.94490241598686,0.07698779827378116,0.06153830854501081
106,812.742246956793,342.59010905657135,10.518438140750249,0.07529191321138896,0.06437509348455533
107,829.0852298526661,356.7495459024247,0.4399124466147555,0.07636992315114959,0.052581829463055146
108,842.4063624581503,362.61473941958513,-6.2301823526932765,0.07907546879687652,0.028351889094135538
109,853.321907287529,361.8945083260254,-7.964735960649421,0.08181718418082254,-0.006416883330031447
110,863.8232497358908,356.53108005616957,-5.049665612092269,0.08372601304898787,-0.05114803861211613
111,873.6210533870717,346.35593093457413,-1.1488022070594184,0.08489461924867484,-0.10482296241789499
112,883.4153103539367,336.7774960967874,1.051941707235727,0.08577086721704735,-0.16306291669479958
113,895.5962828924793,330.42091486907555,-0.4243541831615971,0.08636029911507145,-0.2166220592797265
114,908.7532249163099,323.476763457081,-4.271972646705109,0.08244929116136257,-0.2602552747849722
115,921.9202015253722,312.52605490104895,-8.666030965866469,0.07904358142524003,-0.2806752852907368
116,931.8323391301776,295.97515491860213,-8.666030965868767,0.07717438397761059,-0.269808950403043
117,940.9885998034136,279.4242549361367,-8.666030965868767,0.07787291288938153,-0.2195831297279146
118,949.3889835450785,262.8733549536714,-8.666030965868767,0.08217038223146025,-0.12192468287137573
119,957.0334903551724,246.322454971206,-8.666030965868767,0.09109800607475388,0.031239530560549893
120,963.9221202336951,229.77155498874066,-8.666030965868767,0.10568699849016983,0.24798265096183744
