Frame,Time_s,Theta_continuous_deg,Omega_deg_s,Omega_rad_s,Alpha_rad_s2,CoM_X_clean_cm,CoM_Z_clean_cm,CoM_Radius_cm
0,0.0000,0.0000,839.8860,14.6588,-11.7096,4.0267,0.0000,4.0267
1,0.0333,28.0693,818.0238,14.2772,-13.0044,3.4909,1.8616,3.9563
2,0.0667,54.8170,790.0884,13.7896,-15.3338,2.2837,3.2394,3.9634
3,0.1000,80.2431,756.0800,13.1961,-18.6980,0.6860,3.9896,4.0481
4,0.1333,104.3476,719.6153,12.5597,-23.7647,-1.0434,4.0791,4.2105
5,0.1667,128.5800,671.4508,11.7190,-29.5676,-2.7753,3.4790,4.4504
6,0.2000,150.1284,608.7004,10.6238,-33.3621,-4.1344,2.3747,4.7679
7,0.2333,168.9715,537.6530,9.3838,-32.2915,-5.0676,0.9877,5.1629
8,0.2667,185.5421,477.6498,8.3366,-26.0690,-5.9959,-0.5818,6.0240
9,0.3000,200.6166,439.6958,7.6741,-17.6034,-6.4920,-2.4423,6.9362
10,0.3333,214.8479,418.1090,7.2974,-7.0123,-6.2510,-4.3523,7.6170
11,0.3667,228.6100,409.8147,7.1526,6.1696,-5.3279,-6.0455,8.0582
12,0.4000,242.2057,414.4321,7.2332,7.7563,-3.9083,-7.4146,8.3816
13,0.4333,256.0746,455.6359,7.9523,-14.6811,-2.0532,-8.2808,8.5316
14,0.4667,270.7482,454.2831,7.9287,-40.9612,0.1130,-8.6498,8.6505
15,0.5000,286.4583,311.5642,5.4378,-30.7323,2.4649,-8.3438,8.7003
16,0.5333,302.7328,210.7088,3.6776,51.1043,4.6855,-7.2892,8.6653
17,0.5667,301.9768,404.1102,7.0531,198.7541,4.5607,-7.3052,8.6119
18,0.6000,309.7754,949.3504,16.5693,333.8518,5.5265,-6.6389,8.6381
19,0.6333,359.4475,1751.5225,30.5698,358.7333,8.7390,-0.0843,8.7394
20,0.6667,436.9150,2473.9808,43.1791,233.5126,1.9762,8.5021,8.7288
21,0.7000,528.4900,2750.8605,48.0116,-0.3617,-8.3742,1.7053,8.5461
22,0.7333,620.9207,2471.3320,43.1329,-234.0766,-1.2695,-7.9444,8.0451
23,0.7667,698.0062,1751.0280,30.5612,-358.0238,6.7923,-2.7434,7.3254
24,0.8000,747.6564,952.1856,16.6188,-329.6978,5.7469,3.0116,6.4883
25,0.8333,755.4422,415.5934,7.2535,-188.7330,4.5660,3.2500,5.6046
26,0.8667,755.8334,246.7297,4.3062,-33.5707,3.8974,2.8143,4.8073
27,0.9000,773.3860,390.5596,6.8166,55.2412,2.4470,3.2932,4.1028
28,0.9333,792.2517,587.4576,10.2531,68.8546,1.1086,3.4635,3.6366
29,0.9667,812.4440,641.7884,11.2013,40.0817,-0.1498,3.5087,3.5119
30,1.0000,834.1351,644.9159,11.2559,8.6273,-1.5624,3.4870,3.8210
31,1.0333,855.1763,660.7989,11.5331,-5.6036,-3.1982,3.1786,4.5091
32,1.0667,877.3602,653.6434,11.4082,-15.1531,-5.1171,2.1342,5.5443
33,1.1000,899.4087,614.2804,10.7212,-29.8553,-6.7208,0.0694,6.7211
34,1.1333,919.3250,539.0583,9.4083,-39.3003,-7.3157,-2.5655,7.7525
35,1.1667,935.7456,450.1277,7.8562,-34.1119,-6.9822,-5.0257,8.6029
36,1.2000,948.8779,391.2451,6.8285,-15.0792,-6.1041,-6.9918,9.2814
37,1.2333,960.7685,386.8342,6.7515,8.3106,-4.7472,-8.4831,9.7211
38,1.2667,973.9271,432.2905,7.5449,22.4638,-2.7619,-9.5857,9.9756
39,1.3000,989.4825,491.4850,8.5780,19.7024,-0.0902,-9.9828,9.9832
40,1.3333,1007.0538,520.5758,9.0858,2.5907,2.8484,-9.2854,9.7125
41,1.3667,1025.2639,500.7639,8.7400,-18.5069,5.3634,-7.5852,9.2898
42,1.4000,1041.1306,440.6812,7.6913,-32.0323,6.8950,-5.5575,8.8559
43,1.4333,1054.3200,366.3681,6.3943,-32.3789,7.6624,-3.6844,8.5022
44,1.4667,1065.1788,308.7631,5.3889,-21.5782,8.0686,-2.1350,8.3463
45,1.5000,1074.6150,283.5448,4.9488,-6.5416,8.2762,-0.7801,8.3129
46,1.5333,1083.7612,289.0571,5.0450,5.0762,8.3279,0.5475,8.3459
47,1.5667,1093.5866,310.1146,5.4125,8.5596,7.9496,1.9212,8.1785
48,1.6000,1104.5161,327.8964,5.7229,3.9326,7.0489,3.2148,7.7474
49,1.6333,1116.0920,329.5250,5.7513,-4.0880,5.7936,4.2235,7.1697
50,1.6667,1126.7412,311.4998,5.4367,-8.5031,4.3810,4.6557,6.3928
51,1.7000,1137.0014,288.7726,5.0400,-3.6753,3.0094,4.6344,5.5258
52,1.7333,1146.1617,287.4721,5.0173,11.7656,1.9080,4.3181,4.7209
53,1.7667,1155.6574,326.9643,5.7066,32.9295,1.0090,3.9462,4.0732
54,1.8000,1167.2184,412.1637,7.1936,49.9057,0.1770,3.6438,3.6480
55,1.8333,1182.6015,525.6213,9.1738,52.8164,-0.7732,3.4585,3.5439
56,1.8667,1202.2708,629.1946,10.9815,37.5395,-2.0305,3.2156,3.8031
57,1.9000,1225.0256,682.1396,11.9056,8.8929,-3.6045,2.5215,4.3989
58,1.9333,1248.5876,664.1826,11.5922,-21.0633,-5.2863,1.0671,5.3929
59,1.9667,1270.2829,590.2927,10.3026,-39.3595,-6.4691,-1.1736,6.5747
60,2.0000,1287.9886,497.9802,8.6914,-39.6553,-6.7207,-3.5717,7.6109
61,2.0333,1302.6739,427.6812,7.4644,-25.3139,-6.1438,-5.6642,8.3564
62,2.0667,1315.7851,401.4885,7.0073,-6.1327,-4.9357,-7.2587,8.7778
63,2.1000,1329.0637,412.4157,7.1980,7.2891,-3.1777,-8.3057,8.8928
64,2.1333,1343.3138,439.0650,7.6631,8.9984,-1.0223,-8.7210,8.7807
65,2.1667,1358.4542,455.2365,7.9454,-0.0899,1.2609,-8.4830,8.5762
66,2.2000,1373.8831,441.3690,7.7033,-13.8706,3.3890,-7.6538,8.3706
67,2.2333,1388.6123,398.4057,6.9535,-24.5309,5.1500,-6.4485,8.2526
68,2.2667,1400.7237,338.3327,5.9050,-27.7614,6.3709,-5.2101,8.2301
69,2.3000,1410.7492,285.1200,4.9763,-24.3283,7.2361,-4.0525,8.2936
70,2.3333,1419.3107,250.2629,4.3679,-16.8970,7.8612,-2.9688,8.4031
71,2.3667,1427.0363,226.5370,3.9538,-8.0464,8.1293,-1.8714,8.3419
72,2.4000,1435.3385,218.4458,3.8126,2.2207,8.1385,-0.6636,8.1656
73,2.4333,1441.9235,232.9742,4.0662,15.9693,7.7845,0.2614,7.7889
74,2.4667,1449.6994,274.1961,4.7856,32.5140,6.9293,1.1844,7.0298
75,2.5000,1460.2527,352.7003,6.1558,48.0619,5.7737,2.1303,6.1542
76,2.5333,1473.3960,459.2457,8.0154,56.7150,4.4649,2.9436,5.3480
77,2.5667,1490.3826,574.2677,10.0229,52.1909,3.0082,3.6340,4.7175
78,2.6000,1511.2812,670.4685,11.7019,33.1354,1.4028,4.1399,4.3712
79,2.6333,1535.2898,712.2231,12.4306,5.3081,-0.3928,4.2426,4.2607
80,2.6667,1560.5031,690.8740,12.0580,-19.7676,-2.2214,3.7708,4.3765
81,2.7000,1582.0602,625.3059,10.9136,-30.0647,-3.7145,2.8958,4.7099
82,2.7333,1601.3252,556.5645,9.7139,-21.8388,-4.8777,1.6486,5.1488
83,2.7667,1618.7444,530.7485,9.2633,-1.4073,-5.6354,0.1235,5.6368
84,2.8000,1636.0436,557.3364,9.7274,19.2453,-5.8504,-1.6824,6.0875
85,2.8333,1655.2746,615.8599,10.7488,28.6568,-5.1875,-3.6695,6.3541
86,2.8667,1677.1937,678.5492,11.8429,23.2575,-3.5457,-5.5005,6.5443
87,2.9000,1701.0963,713.9376,12.4606,8.6394,-1.0275,-6.5586,6.6386
88,2.9333,1725.4565,710.1119,12.3938,-5.4587,1.7581,-6.3583,6.5969
89,2.9667,1748.8634,681.4679,11.8939,-10.6174,4.1227,-5.1160,6.5704
90,3.0000,1770.8142,657.1115,11.4688,-4.5530,5.7070,-3.1877,6.5369
91,3.0333,1792.0244,659.4662,11.5099,7.6571,6.3617,-0.8913,6.4238
92,3.0667,1814.1057,690.9860,12.0600,17.8008,5.9516,1.4956,6.1367
93,3.1000,1838.0427,736.4608,12.8537,20.2424,4.5165,3.5341,5.7348
94,3.1333,1863.5543,774.4343,13.5164,14.5055,2.3728,4.7705,5.3281
95,3.1667,1889.9171,791.0402,13.8063,3.4443,0.0074,5.1405,5.1405
96,3.2000,1916.3441,783.8143,13.6801,-9.9250,-2.3053,4.6554,5.1949
97,3.2333,1942.1039,752.8524,13.1398,-23.9585,-4.3432,3.3806,5.5038
98,3.2667,1966.5318,695.8913,12.1456,-37.4000,-5.9956,1.4359,6.1651
99,3.3000,1988.7598,613.0091,10.6990,-47.3323,-6.8564,-1.0565,6.9373
100,3.3333,2007.7949,513.3226,8.9592,-49.2246,-6.8337,-3.6022,7.7250
101,3.3667,2023.1528,417.7258,7.2907,-39.5785,-6.1871,-5.8005,8.4809
102,3.4000,2035.3988,352.8110,6.1577,-19.4128,-5.1272,-7.4319,9.0289
103,3.4333,2046.1148,337.2514,5.8861,4.0855,-3.8224,-8.6318,9.4403
104,3.4667,2057.2889,371.7792,6.4888,20.7082,-2.1245,-9.4185,9.6552
105,3.5000,2070.4598,430.0070,7.5050,23.0806,0.0779,-9.7038,9.7041
106,3.5333,2086.0144,472.8569,8.2529,10.8153,2.6305,-9.1649,9.5349
107,3.5667,2103.0210,475.5153,8.2993,-8.6587,5.0480,-7.7670,9.2633
108,3.6000,2118.5038,435.1589,7.5950,-24.4282,6.7438,-5.9656,9.0038
109,3.6333,2131.8811,370.7641,6.4711,-28.9032,7.8285,-4.1834,8.8762
110,3.6667,2143.0305,313.8461,5.4776,-21.4233,8.4397,-2.5754,8.8239
111,3.7000,2152.5306,285.2578,4.9787,-7.8425,8.7441,-1.1464,8.8189
112,3.7333,2161.5685,288.8512,5.0414,3.7812,8.8247,0.2416,8.8280
113,3.7667,2171.3475,309.5665,5.4030,8.4514,8.2750,1.6607,8.4400
114,3.8000,2182.3694,326.9139,5.7057,6.2473,7.3007,3.0046,7.8948
115,3.8333,2194.0808,332.9059,5.8103,1.2736,5.9596,4.0320,7.1954
116,3.8667,2204.5973,327.6065,5.7178,-2.2577,4.5157,4.4527,6.3418
117,3.9000,2215.3374,319.1607,5.5704,-3.0243,3.0337,4.3873,5.3340
118,3.9333,2225.9827,315.8412,5.5125,-2.8999,1.6980,3.8108,4.1720
119,3.9667,2236.5332,314.4229,5.4877,-1.3790,0.6650,2.7772,2.8557
120,4.0000,2246.9887,314.9057,5.4961,1.5384,0.0728,1.3833,1.3853
